component_id,sex,age_min,age_max,low,high,text,display,source
CMP.HB,F,18,,115,165,,,"Dacie and Lewis Practical Haematology, 12th ed. (2017)"
CMP.HB,M,18,,130,180,,,"Dacie and Lewis Practical Haematology, 12th ed. (2017)"
CMP.HCT,F,18,,0.36,0.46,,,"Dacie and Lewis Practical Haematology, 12th ed. (2017)"
CMP.HCT,M,18,,0.4,0.52,,,"Dacie and Lewis Practical Haematology, 12th ed. (2017)"
CMP.RBC,F,18,,3.8,4.8,,,"Dacie and Lewis Practical Haematology, 12th ed. (2017)"
CMP.RBC,M,18,,4.5,5.5,,,"Dacie and Lewis Practical Haematology, 12th ed. (2017)"
CMP.MCV,any,18,,83,101,,,"Dacie and Lewis Practical Haematology, 12th ed. (2017)"
CMP.MCH,any,18,,27,32,,,"Dacie and Lewis Practical Haematology, 12th ed. (2017)"
CMP.MCHC,any,18,,315,345,,,"Dacie and Lewis Practical Haematology, 12th ed. (2017)"
CMP.RDW,any,18,,11.6,14.0,,,"Dacie and Lewis Practical Haematology, 12th ed. (2017)"
CMP.WBC,any,18,,4.0,10.0,,,"Dacie and Lewis Practical Haematology, 12th ed. (2017)"
CMP.NEUT,any,18,,2.0,7.0,,,"Dacie and Lewis Practical Haematology, 12th ed. (2017)"
CMP.LYMPH,any,18,,1.0,3.0,,,"Dacie and Lewis Practical Haematology, 12th ed. (2017)"
CMP.MONO,any,18,,0.2,1.0,,,"Dacie and Lewis Practical Haematology, 12th ed. (2017)"
CMP.EOS,any,18,,0.02,0.5,,,"Dacie and Lewis Practical Haematology, 12th ed. (2017)"
CMP.BASO,any,18,,0.02,0.1,,,"Dacie and Lewis Practical Haematology, 12th ed. (2017)"
CMP.NRBC,any,18,,0,0,,0,"Dacie and Lewis Practical Haematology, 12th ed. (2017)"
CMP.PLT,any,18,,150,410,,,"Dacie and Lewis Practical Haematology, 12th ed. (2017)"
CMP.RETIC_ABS,any,18,,50,100,,,"Dacie and Lewis Practical Haematology, 12th ed. (2017)"
CMP.RETIC_PCT,any,18,,0.5,2.5,,,"Dacie and Lewis Practical Haematology, 12th ed. (2017)"
CMP.IRF,any,18,,1.6,12.1,,,"Dacie and Lewis Practical Haematology, 12th ed. (2017)"
CMP.FILM_REPORT,any,18,,,,Normal,,"Dacie and Lewis Practical Haematology, 12th ed. (2017)"
CMP.FILM_REVIEW_REPORT,any,18,,,,Normal,,"Dacie and Lewis Practical Haematology, 12th ed. (2017)"
CMP.ESR,F,18,50,0,12,,<12,"Dacie and Lewis Practical Haematology, 12th ed. (2017)"
CMP.ESR,M,18,50,0,10,,<10,"Dacie and Lewis Practical Haematology, 12th ed. (2017)"
CMP.ESR,F,51,,0,20,,<20,"Dacie and Lewis Practical Haematology, 12th ed. (2017)"
CMP.ESR,M,51,,0,14,,<14,"Dacie and Lewis Practical Haematology, 12th ed. (2017)"
CMP.HBA,any,18,,95.0,98.0,,,"Dacie and Lewis Practical Haematology, 12th ed. (2017)"
CMP.HBA2,any,18,,2.2,3.5,,,"Dacie and Lewis Practical Haematology, 12th ed. (2017)"
CMP.HBF,any,18,,0.2,1.0,,<1.0,"Dacie and Lewis Practical Haematology, 12th ed. (2017)"
CMP.HB_VARIANT,any,18,,,,None detected,,"Dacie and Lewis Practical Haematology, 12th ed. (2017)"
CMP.SICKLING,any,18,,,,Negative,,"Dacie and Lewis Practical Haematology, 12th ed. (2017)"
CMP.G6PD,any,18,,8.8,13.4,,,"Dacie and Lewis Practical Haematology, 12th ed. (2017)"
CMP.PK,any,18,,5.5,12.4,,,"Dacie and Lewis Practical Haematology, 12th ed. (2017)"
CMP.P5N,any,18,,0.1,0.25,,,"Dacie and Lewis Practical Haematology, 12th ed. (2017)"
CMP.ALAD,any,18,,3.5,10.0,,>=3.5,"Dacie and Lewis Practical Haematology, 12th ed. (2017)"
CMP.EMA_MCF,any,18,,80,120,,>=80,"Dacie and Lewis Practical Haematology, 12th ed. (2017)"
CMP.OSMOTIC_FRAGILITY,any,18,,,,Normal,,"Dacie and Lewis Practical Haematology, 12th ed. (2017)"
CMP.PNH_RBC_CLONE,any,18,,0,0.01,,<0.01,"Dacie and Lewis Practical Haematology, 12th ed. (2017)"
CMP.PNH_GRAN_CLONE,any,18,,0,0.01,,<0.01,"Dacie and Lewis Practical Haematology, 12th ed. (2017)"
CMP.PNH_MONO_CLONE,any,18,,0,0.01,,<0.01,"Dacie and Lewis Practical Haematology, 12th ed. (2017)"
CMP.HEINZ_BODIES,any,18,,,,Not seen,,"Dacie and Lewis Practical Haematology, 12th ed. (2017)"
CMP.PLASMA_FREE_HB,any,18,,0,40,,<40,"Dacie and Lewis Practical Haematology, 12th ed. (2017)"
CMP.MALARIA_PF_AG,any,18,,,,Negative,,"Dacie and Lewis Practical Haematology, 12th ed. (2017)"
CMP.MALARIA_PAN_AG,any,18,,,,Negative,,"Dacie and Lewis Practical Haematology, 12th ed. (2017)"
CMP.MALARIA_SMEAR_REPORT,any,18,,,,Normal,,"Dacie and Lewis Practical Haematology, 12th ed. (2017)"
CMP.PB_FLOW_REPORT,any,18,,,,Normal,,"Dacie and Lewis Practical Haematology, 12th ed. (2017)"
CMP.CD4_ABS,any,18,,500,1500,,,"Dacie and Lewis Practical Haematology, 12th ed. (2017)"
CMP.CD4_PCT,any,18,,30,60,,,"Dacie and Lewis Practical Haematology, 12th ed. (2017)"
CMP.PT,any,18,,11.0,14.0,,,"Dacie and Lewis Practical Haematology, 12th ed. (2017)"
CMP.INR,any,18,,0.8,1.2,,,"Dacie and Lewis Practical Haematology, 12th ed. (2017)"
CMP.APTT,any,18,,26.0,36.0,,,"Dacie and Lewis Practical Haematology, 12th ed. (2017)"
CMP.FIBRINOGEN,any,18,,1.5,4.0,,,"Dacie and Lewis Practical Haematology, 12th ed. (2017)"
CMP.D_DIMER,any,18,,0,0.5,,<0.50,"Dacie and Lewis Practical Haematology, 12th ed. (2017)"
CMP.TT,any,18,,14.0,19.0,,,"Dacie and Lewis Practical Haematology, 12th ed. (2017)"
CMP.MIXING_STUDY,any,18,,,,Corrects,,"Dacie and Lewis Practical Haematology, 12th ed. (2017)"
CMP.F8,any,18,,50,150,,,"Dacie and Lewis Practical Haematology, 12th ed. (2017)"
CMP.F9,any,18,,50,150,,,"Dacie and Lewis Practical Haematology, 12th ed. (2017)"
CMP.VWF_AG,any,18,,50,150,,,"Dacie and Lewis Practical Haematology, 12th ed. (2017)"
CMP.VWF_ACT,any,18,,50,150,,,"Dacie and Lewis Practical Haematology, 12th ed. (2017)"
CMP.DRVVT_RATIO,any,18,,0.8,1.2,,,"Dacie and Lewis Practical Haematology, 12th ed. (2017)"
CMP.LUPUS_ANTICOAGULANT,any,18,,,,Not detected,,"Dacie and Lewis Practical Haematology, 12th ed. (2017)"
CMP.PROTEIN_C,any,18,,70,140,,,"Dacie and Lewis Practical Haematology, 12th ed. (2017)"
CMP.PROTEIN_S_FREE,F,18,,55,125,,,"Dacie and Lewis Practical Haematology, 12th ed. (2017)"
CMP.PROTEIN_S_FREE,M,18,,65,140,,,"Dacie and Lewis Practical Haematology, 12th ed. (2017)"
CMP.ANTITHROMBIN,any,18,,80,120,,,"Dacie and Lewis Practical Haematology, 12th ed. (2017)"
CMP.HIT_ANTIBODY,any,18,,,,Negative,,"Dacie and Lewis Practical Haematology, 12th ed. (2017)"
CMP.ABO_GROUP,any,18,,,,Group O,,"Dacie and Lewis Practical Haematology, 12th ed. (2017)"
CMP.RHD,any,18,,,,RhD positive,,"Dacie and Lewis Practical Haematology, 12th ed. (2017)"
CMP.ANTIBODY_SCREEN,any,18,,,,Negative,,"Dacie and Lewis Practical Haematology, 12th ed. (2017)"
CMP.ANTIBODY_ID,any,18,,,,None identified,,"Dacie and Lewis Practical Haematology, 12th ed. (2017)"
CMP.DAT_IGG,any,18,,,,Negative,,"Dacie and Lewis Practical Haematology, 12th ed. (2017)"
CMP.DAT_C3D,any,18,,,,Negative,,"Dacie and Lewis Practical Haematology, 12th ed. (2017)"
CMP.ELUATE,any,18,,,,No antibody detected,,"Dacie and Lewis Practical Haematology, 12th ed. (2017)"
CMP.DONATH_LANDSTEINER,any,18,,,,Negative,,"Dacie and Lewis Practical Haematology, 12th ed. (2017)"
CMP.COLD_AGGLUTININ_TITRE,any,18,,,,<1:64,,"Dacie and Lewis Practical Haematology, 12th ed. (2017)"
CMP.CROSSMATCH,any,18,,,,Compatible,,"Dacie and Lewis Practical Haematology, 12th ed. (2017)"
CMP.BM_ASPIRATE_REPORT,any,18,,,,Normal,,"Dacie and Lewis Practical Haematology, 12th ed. (2017)"
CMP.BM_TREPHINE_REPORT,any,18,,,,Normal,,"Dacie and Lewis Practical Haematology, 12th ed. (2017)"
CMP.BM_IRON_REPORT,any,18,,,,Normal,,"Dacie and Lewis Practical Haematology, 12th ed. (2017)"
CMP.BM_FLOW_REPORT,any,18,,,,Normal,,"Dacie and Lewis Practical Haematology, 12th ed. (2017)"
CMP.KARYOTYPE_REPORT,any,18,,,,Normal,,"Dacie and Lewis Practical Haematology, 12th ed. (2017)"
CMP.FISH_MDS_REPORT,any,18,,,,Normal,,"Dacie and Lewis Practical Haematology, 12th ed. (2017)"
CMP.FISH_MYELOMA_REPORT,any,18,,,,Normal,,"Dacie and Lewis Practical Haematology, 12th ed. (2017)"
CMP.BCR_ABL,any,18,,,,Not detected,,"Dacie and Lewis Practical Haematology, 12th ed. (2017)"
CMP.JAK2_V617F,any,18,,,,Not detected,,"Dacie and Lewis Practical Haematology, 12th ed. (2017)"
CMP.CALR_MUTATION,any,18,,,,Not detected,,"Dacie and Lewis Practical Haematology, 12th ed. (2017)"
CMP.MPL_MUTATION,any,18,,,,Not detected,,"Dacie and Lewis Practical Haematology, 12th ed. (2017)"
CMP.MYELOID_NGS_REPORT,any,18,,,,Normal,,"Dacie and Lewis Practical Haematology, 12th ed. (2017)"
CMP.BETA_GLOBIN_REPORT,any,18,,,,Normal,,"Dacie and Lewis Practical Haematology, 12th ed. (2017)"
CMP.ALPHA_GLOBIN_REPORT,any,18,,,,Normal,,"Dacie and Lewis Practical Haematology, 12th ed. (2017)"
CMP.PB_BLOOD,any,18,,0,5.0,,<5.0,"Tietz Textbook of Laboratory Medicine, 7th ed. (2022)"
CMP.PB_URINE,any,18,,0,50,,<50,"Tietz Textbook of Laboratory Medicine, 7th ed. (2022)"
CMP.HG_BLOOD,any,18,,0,10.0,,<10,"Tietz Textbook of Laboratory Medicine, 7th ed. (2022)"
CMP.HG_URINE,any,18,,0,10.0,,<10,"Tietz Textbook of Laboratory Medicine, 7th ed. (2022)"
CMP.AS_URINE,any,18,,0,35,,<35,"Tietz Textbook of Laboratory Medicine, 7th ed. (2022)"
CMP.CD_BLOOD,any,18,,0,5.0,,<5.0,"Tietz Textbook of Laboratory Medicine, 7th ed. (2022)"
CMP.ZPP,any,18,,0,70,,<70,"Tietz Textbook of Laboratory Medicine, 7th ed. (2022)"
CMP.ALA_URINE,any,18,,0,35,,<35,"Tietz Textbook of Laboratory Medicine, 7th ed. (2022)"
CMP.PBG_URINE,any,18,,0,8.8,,<8.8,"Tietz Textbook of Laboratory Medicine, 7th ed. (2022)"
CMP.URINE_PORPHYRINS_TOTAL,any,18,,0,35,,<35,"Tietz Textbook of Laboratory Medicine, 7th ed. (2022)"
CMP.URINE_COPROPORPHYRIN,any,18,,0,25,,<25,"Tietz Textbook of Laboratory Medicine, 7th ed. (2022)"
CMP.URINE_UROPORPHYRIN,any,18,,0,4.0,,<4.0,"Tietz Textbook of Laboratory Medicine, 7th ed. (2022)"
CMP.FAECAL_PORPHYRINS_TOTAL,any,18,,10,200,,<200,"Tietz Textbook of Laboratory Medicine, 7th ed. (2022)"
CMP.PARACETAMOL,any,,,,,Not detected,,"Tietz Textbook of Laboratory Medicine, 7th ed. (2022)"
CMP.SALICYLATE,any,,,,,Not detected,,"Tietz Textbook of Laboratory Medicine, 7th ed. (2022)"
CMP.ETHANOL,any,,,,,Not detected,,"Tietz Textbook of Laboratory Medicine, 7th ed. (2022)"
CMP.PLASMA_CHE,F,18,,3930,10800,,,"Tietz Textbook of Laboratory Medicine, 7th ed. (2022)"
CMP.PLASMA_CHE,M,18,,4620,11500,,,"Tietz Textbook of Laboratory Medicine, 7th ed. (2022)"
CMP.RBC_ACHE,any,18,,26.7,49.2,,,"Tietz Textbook of Laboratory Medicine, 7th ed. (2022)"
CMP.DIGOXIN,any,,,,,Not detected,,"Tietz Textbook of Laboratory Medicine, 7th ed. (2022)"
CMP.LITHIUM,any,,,,,Not detected,,"Tietz Textbook of Laboratory Medicine, 7th ed. (2022)"
CMP.COHB,any,18,,0,3.0,,<3.0 (non-smoker),"Tietz Textbook of Laboratory Medicine, 7th ed. (2022)"
CMP.METHB,any,18,,0,1.5,,<1.5,"Tietz Textbook of Laboratory Medicine, 7th ed. (2022)"
CMP.F2,any,18,,50,150,,,"Dacie and Lewis Practical Haematology, 12th ed. (2017)"
CMP.F5,any,18,,50,150,,,"Dacie and Lewis Practical Haematology, 12th ed. (2017)"
CMP.F7,any,18,,50,150,,,"Dacie and Lewis Practical Haematology, 12th ed. (2017)"
CMP.F10,any,18,,50,150,,,"Dacie and Lewis Practical Haematology, 12th ed. (2017)"
CMP.F11,any,18,,50,150,,,"Dacie and Lewis Practical Haematology, 12th ed. (2017)"
CMP.F13_SCREEN,any,18,,,,Normal,,"Dacie and Lewis Practical Haematology, 12th ed. (2017)"
CMP.ANTI_XA,any,18,,0,0.1,,<0.10 (no anticoagulant),"Dacie and Lewis Practical Haematology, 12th ed. (2017)"
CMP.PLATELET_AGGREGATION_REPORT,any,18,,,,Normal,,"Dacie and Lewis Practical Haematology, 12th ed. (2017)"
CMP.FETAL_CELLS,any,18,,0,0.01,,<0.01,"Dacie and Lewis Practical Haematology, 12th ed. (2017)"
CMP.PML_RARA,any,18,,,,Not detected,,"Dacie and Lewis Practical Haematology, 12th ed. (2017)"
CMP.UREA,any,18,,2.5,7.8,,,"Tietz Textbook of Laboratory Medicine, 7th ed. (2022)"
CMP.CREATININE,M,18,,64,104,,,"Tietz Textbook of Laboratory Medicine, 7th ed. (2022)"
CMP.CREATININE,F,18,,49,90,,,"Tietz Textbook of Laboratory Medicine, 7th ed. (2022)"
CMP.EGFR,any,18,,90,120,,>90,"Tietz Textbook of Laboratory Medicine, 7th ed. (2022)"
CMP.NA,any,18,,135,145,,,"Tietz Textbook of Laboratory Medicine, 7th ed. (2022)"
CMP.K,any,18,,3.5,5.1,,,"Tietz Textbook of Laboratory Medicine, 7th ed. (2022)"
CMP.CL,any,18,,98,107,,,"Tietz Textbook of Laboratory Medicine, 7th ed. (2022)"
CMP.BICARB,any,18,,22,29,,,"Tietz Textbook of Laboratory Medicine, 7th ed. (2022)"
CMP.ANION_GAP,any,18,,8,16,,,"Tietz Textbook of Laboratory Medicine, 7th ed. (2022)"
CMP.OSMO_SERUM,any,18,,275,295,,,"Tietz Textbook of Laboratory Medicine, 7th ed. (2022)"
CMP.BILI_TOTAL,any,18,,3,21,,,"Tietz Textbook of Laboratory Medicine, 7th ed. (2022)"
CMP.BILI_CONJ,any,18,,0,5,,<5,"Tietz Textbook of Laboratory Medicine, 7th ed. (2022)"
CMP.ALP,M,18,,40,129,,,"Tietz Textbook of Laboratory Medicine, 7th ed. (2022)"
CMP.ALP,F,18,,35,104,,,"Tietz Textbook of Laboratory Medicine, 7th ed. (2022)"
CMP.AST,M,18,,5,40,,<40,"Tietz Textbook of Laboratory Medicine, 7th ed. (2022)"
CMP.AST,F,18,,5,32,,<32,"Tietz Textbook of Laboratory Medicine, 7th ed. (2022)"
CMP.ALT,M,18,,5,41,,<41,"Tietz Textbook of Laboratory Medicine, 7th ed. (2022)"
CMP.ALT,F,18,,5,33,,<33,"Tietz Textbook of Laboratory Medicine, 7th ed. (2022)"
CMP.GGT,M,18,,8,61,,,"Tietz Textbook of Laboratory Medicine, 7th ed. (2022)"
CMP.GGT,F,18,,5,36,,,"Tietz Textbook of Laboratory Medicine, 7th ed. (2022)"
CMP.ALBUMIN,any,18,,35,52,,,"Tietz Textbook of Laboratory Medicine, 7th ed. (2022)"
CMP.TOTAL_PROTEIN,any,18,,64,83,,,"Tietz Textbook of Laboratory Medicine, 7th ed. (2022)"
CMP.GLUCOSE_FASTING,any,18,,3.9,5.5,,,"Tietz Textbook of Laboratory Medicine, 7th ed. (2022)"
CMP.GLUCOSE_RANDOM,any,18,,3.9,7.8,,,"Tietz Textbook of Laboratory Medicine, 7th ed. (2022)"
CMP.GLUCOSE_PP,any,18,,3.9,7.8,,<7.8,"Tietz Textbook of Laboratory Medicine, 7th ed. (2022)"
CMP.GLUCOSE_CAPILLARY,any,18,,3.9,7.8,,,"Tietz Textbook of Laboratory Medicine, 7th ed. (2022)"
CMP.BHB,any,18,,0,0.6,,<0.6,"Tietz Textbook of Laboratory Medicine, 7th ed. (2022)"
CMP.HBA1C,any,18,,4.0,5.6,,4.0-5.6,"Tietz Textbook of Laboratory Medicine, 7th ed. (2022)"
CMP.CA,any,18,,2.15,2.55,,,"Tietz Textbook of Laboratory Medicine, 7th ed. (2022)"
CMP.CA_ADJ,any,18,,2.15,2.55,,,"Tietz Textbook of Laboratory Medicine, 7th ed. (2022)"
CMP.PHOSPHATE,any,18,,0.81,1.45,,,"Tietz Textbook of Laboratory Medicine, 7th ed. (2022)"
CMP.CA_ION,any,18,,1.15,1.33,,,"Tietz Textbook of Laboratory Medicine, 7th ed. (2022)"
CMP.MG,any,18,,0.66,1.07,,,"Tietz Textbook of Laboratory Medicine, 7th ed. (2022)"
CMP.URATE,M,18,,202,416,,,"Tietz Textbook of Laboratory Medicine, 7th ed. (2022)"
CMP.URATE,F,18,,142,339,,,"Tietz Textbook of Laboratory Medicine, 7th ed. (2022)"
CMP.CHOL_TOTAL,any,18,,3.0,5.2,,<5.2,"Tietz Textbook of Laboratory Medicine, 7th ed. (2022)"
CMP.TRIGLYCERIDE,any,18,,0.4,1.7,,<1.7,"Tietz Textbook of Laboratory Medicine, 7th ed. (2022)"
CMP.CHOL_HDL,M,18,,1.0,2.2,,>1.0,"Tietz Textbook of Laboratory Medicine, 7th ed. (2022)"
CMP.CHOL_HDL,F,18,,1.2,2.5,,>1.2,"Tietz Textbook of Laboratory Medicine, 7th ed. (2022)"
CMP.CHOL_LDL,any,18,,1.5,3.0,,<3.0,"Tietz Textbook of Laboratory Medicine, 7th ed. (2022)"
CMP.CHOL_NON_HDL,any,18,,2.0,3.9,,<3.9,"Tietz Textbook of Laboratory Medicine, 7th ed. (2022)"
CMP.AMYLASE,any,18,,28,100,,,"Tietz Textbook of Laboratory Medicine, 7th ed. (2022)"
CMP.LIPASE,any,18,,13,60,,,"Tietz Textbook of Laboratory Medicine, 7th ed. (2022)"
CMP.CK,M,18,,39,308,,,"Tietz Textbook of Laboratory Medicine, 7th ed. (2022)"
CMP.CK,F,18,,26,192,,,"Tietz Textbook of Laboratory Medicine, 7th ed. (2022)"
CMP.ALDOLASE,any,18,,1.0,7.6,,<7.6,"Tietz Textbook of Laboratory Medicine, 7th ed. (2022)"
CMP.TROP_I,M,18,,0,34,,<34,"Tietz Textbook of Laboratory Medicine, 7th ed. (2022)"
CMP.TROP_I,F,18,,0,16,,<16,"Tietz Textbook of Laboratory Medicine, 7th ed. (2022)"
CMP.TROP_T,any,18,,0,14,,<14,"Tietz Textbook of Laboratory Medicine, 7th ed. (2022)"
CMP.NT_PROBNP,any,18,,5,125,,<125,"Tietz Textbook of Laboratory Medicine, 7th ed. (2022)"
CMP.BNP,any,18,,5,100,,<100,"Tietz Textbook of Laboratory Medicine, 7th ed. (2022)"
CMP.LDH,M,18,,135,225,,,"Tietz Textbook of Laboratory Medicine, 7th ed. (2022)"
CMP.LDH,F,18,,135,214,,,"Tietz Textbook of Laboratory Medicine, 7th ed. (2022)"
CMP.HAPTOGLOBIN,any,18,,0.3,2.0,,,"Tietz Textbook of Laboratory Medicine, 7th ed. (2022)"
CMP.PH,any,18,,7.35,7.45,,,"Tietz Textbook of Laboratory Medicine, 7th ed. (2022)"
CMP.PCO2,any,18,,4.7,6.0,,,"Tietz Textbook of Laboratory Medicine, 7th ed. (2022)"
CMP.PO2,any,18,,10.7,13.3,,,"Tietz Textbook of Laboratory Medicine, 7th ed. (2022)"
CMP.BASE_EXCESS,any,18,,-2.0,2.0,,-2 to +2,"Tietz Textbook of Laboratory Medicine, 7th ed. (2022)"
CMP.SO2,any,18,,95,99,,,"Tietz Textbook of Laboratory Medicine, 7th ed. (2022)"
CMP.LACTATE,any,18,,0.5,2.2,,,"Tietz Textbook of Laboratory Medicine, 7th ed. (2022)"
CMP.AMMONIA,any,18,,11,51,,,"Tietz Textbook of Laboratory Medicine, 7th ed. (2022)"
CMP.CRP,any,18,,0,5,,<5,"Tietz Textbook of Laboratory Medicine, 7th ed. (2022)"
CMP.PCT,any,18,,0,0.05,,<0.05,"Tietz Textbook of Laboratory Medicine, 7th ed. (2022)"
CMP.IRON,M,18,,11.6,31.3,,,"Tietz Textbook of Laboratory Medicine, 7th ed. (2022)"
CMP.IRON,F,18,,9.0,30.4,,,"Tietz Textbook of Laboratory Medicine, 7th ed. (2022)"
CMP.TRANSFERRIN,any,18,,2.0,3.6,,,"Tietz Textbook of Laboratory Medicine, 7th ed. (2022)"
CMP.TIBC,any,18,,45,72,,,"Tietz Textbook of Laboratory Medicine, 7th ed. (2022)"
CMP.TSAT,M,18,,20,50,,,"Tietz Textbook of Laboratory Medicine, 7th ed. (2022)"
CMP.TSAT,F,18,,15,50,,,"Tietz Textbook of Laboratory Medicine, 7th ed. (2022)"
CMP.FERRITIN,M,18,,30,400,,,"Tietz Textbook of Laboratory Medicine, 7th ed. (2022)"
CMP.FERRITIN,F,18,,13,150,,,"Tietz Textbook of Laboratory Medicine, 7th ed. (2022)"
CMP.B12,any,18,,145,569,,,"Tietz Textbook of Laboratory Medicine, 7th ed. (2022)"
CMP.HOLOTC,any,18,,50,150,,>50,"Tietz Textbook of Laboratory Medicine, 7th ed. (2022)"
CMP.FOLATE,any,18,,8.8,60.0,,>8.8,"Tietz Textbook of Laboratory Medicine, 7th ed. (2022)"
CMP.VIT_D_25OH,any,18,,50,125,,50-125,"Tietz Textbook of Laboratory Medicine, 7th ed. (2022)"
CMP.PLP,any,18,,20,125,,,"Tietz Textbook of Laboratory Medicine, 7th ed. (2022)"
CMP.THIAMINE,any,18,,70,180,,,"Tietz Textbook of Laboratory Medicine, 7th ed. (2022)"
CMP.ZINC,any,18,,11.0,18.0,,,"Tietz Textbook of Laboratory Medicine, 7th ed. (2022)"
CMP.COPPER,M,18,,11.0,22.0,,,"Tietz Textbook of Laboratory Medicine, 7th ed. (2022)"
CMP.COPPER,F,18,,12.6,24.4,,,"Tietz Textbook of Laboratory Medicine, 7th ed. (2022)"
CMP.CAERULOPLASMIN,any,18,,0.2,0.6,,,"Tietz Textbook of Laboratory Medicine, 7th ed. (2022)"
CMP.U_COPPER_24H,any,18,,0.05,0.6,,<0.60,"Tietz Textbook of Laboratory Medicine, 7th ed. (2022)"
CMP.EPO,any,18,,4.3,29.0,,,"Tietz Textbook of Laboratory Medicine, 7th ed. (2022)"
CMP.STFR,M,18,,2.2,5.0,,,"Tietz Textbook of Laboratory Medicine, 7th ed. (2022)"
CMP.STFR,F,18,,1.9,4.4,,,"Tietz Textbook of Laboratory Medicine, 7th ed. (2022)"
CMP.AFP,any,18,,0,7.0,,<7.0,"Tietz Textbook of Laboratory Medicine, 7th ed. (2022)"
CMP.CEA,any,18,,0,5.0,,<5.0,"Tietz Textbook of Laboratory Medicine, 7th ed. (2022)"
CMP.CA125,any,18,,0,35,,<35,"Tietz Textbook of Laboratory Medicine, 7th ed. (2022)"
CMP.CA19_9,any,18,,0,37,,<37,"Tietz Textbook of Laboratory Medicine, 7th ed. (2022)"
CMP.PSA,M,18,,0,4.0,,<4.0,"Tietz Textbook of Laboratory Medicine, 7th ed. (2022)"
CMP.TSH,any,18,,0.27,4.2,,,"Tietz Textbook of Laboratory Medicine, 7th ed. (2022)"
CMP.FT4,any,18,,12.0,22.0,,,"Tietz Textbook of Laboratory Medicine, 7th ed. (2022)"
CMP.FT3,any,18,,3.1,6.8,,,"Tietz Textbook of Laboratory Medicine, 7th ed. (2022)"
CMP.ANTI_TPO,any,18,,0,34,,<34,"Tietz Textbook of Laboratory Medicine, 7th ed. (2022)"
CMP.CORTISOL_8AM,any,18,,166,507,,,"Tietz Textbook of Laboratory Medicine, 7th ed. (2022)"
CMP.ACTH,any,18,,7.2,63.3,,,"Tietz Textbook of Laboratory Medicine, 7th ed. (2022)"
CMP.PTH,any,18,,1.6,6.9,,,"Tietz Textbook of Laboratory Medicine, 7th ed. (2022)"
CMP.PROLACTIN,M,18,,86,324,,,"Tietz Textbook of Laboratory Medicine, 7th ed. (2022)"
CMP.PROLACTIN,F,18,,102,496,,,"Tietz Textbook of Laboratory Medicine, 7th ed. (2022)"
CMP.TESTOSTERONE,M,18,,8.6,29.0,,,"Tietz Textbook of Laboratory Medicine, 7th ed. (2022)"
CMP.TESTOSTERONE,F,18,,0.3,1.7,,,"Tietz Textbook of Laboratory Medicine, 7th ed. (2022)"
CMP.BHCG,any,18,,0,5,,<5,"Tietz Textbook of Laboratory Medicine, 7th ed. (2022)"
CMP.UPT,any,18,,,,Negative,,"Tietz Textbook of Laboratory Medicine, 7th ed. (2022)"
CMP.ANA,any,18,,,,Negative,,"Tietz Textbook of Laboratory Medicine, 7th ed. (2022)"
CMP.ANTI_DSDNA,any,18,,0,10,,<10,"Tietz Textbook of Laboratory Medicine, 7th ed. (2022)"
CMP.ANTI_RO60,any,18,,,,Negative,,"Tietz Textbook of Laboratory Medicine, 7th ed. (2022)"
CMP.ANTI_RO52,any,18,,,,Negative,,"Tietz Textbook of Laboratory Medicine, 7th ed. (2022)"
CMP.ANTI_LA,any,18,,,,Negative,,"Tietz Textbook of Laboratory Medicine, 7th ed. (2022)"
CMP.ANTI_SM,any,18,,,,Negative,,"Tietz Textbook of Laboratory Medicine, 7th ed. (2022)"
CMP.ANTI_U1RNP,any,18,,,,Negative,,"Tietz Textbook of Laboratory Medicine, 7th ed. (2022)"
CMP.ANTI_SCL70,any,18,,,,Negative,,"Tietz Textbook of Laboratory Medicine, 7th ed. (2022)"
CMP.ANTI_CENP_B,any,18,,,,Negative,,"Tietz Textbook of Laboratory Medicine, 7th ed. (2022)"
CMP.ANTI_JO1,any,18,,,,Negative,,"Tietz Textbook of Laboratory Medicine, 7th ed. (2022)"
CMP.ANCA_IIF,any,18,,,,Negative,,"Tietz Textbook of Laboratory Medicine, 7th ed. (2022)"
CMP.MPO_ANCA,any,18,,0,3.5,,<3.5,"Tietz Textbook of Laboratory Medicine, 7th ed. (2022)"
CMP.PR3_ANCA,any,18,,0,2.0,,<2.0,"Tietz Textbook of Laboratory Medicine, 7th ed. (2022)"
CMP.RF,any,18,,0,14,,<14,"Tietz Textbook of Laboratory Medicine, 7th ed. (2022)"
CMP.ANTI_CCP,any,18,,0,17,,<17,"Tietz Textbook of Laboratory Medicine, 7th ed. (2022)"
CMP.C3,any,18,,0.9,1.8,,,"Tietz Textbook of Laboratory Medicine, 7th ed. (2022)"
CMP.C4,any,18,,0.1,0.4,,,"Tietz Textbook of Laboratory Medicine, 7th ed. (2022)"
CMP.ANTI_PL7,any,18,,,,Negative,,"Tietz Textbook of Laboratory Medicine, 7th ed. (2022)"
CMP.ANTI_PL12,any,18,,,,Negative,,"Tietz Textbook of Laboratory Medicine, 7th ed. (2022)"
CMP.ANTI_EJ,any,18,,,,Negative,,"Tietz Textbook of Laboratory Medicine, 7th ed. (2022)"
CMP.ANTI_OJ,any,18,,,,Negative,,"Tietz Textbook of Laboratory Medicine, 7th ed. (2022)"
CMP.ANTI_MI2,any,18,,,,Negative,,"Tietz Textbook of Laboratory Medicine, 7th ed. (2022)"
CMP.ANTI_SRP,any,18,,,,Negative,,"Tietz Textbook of Laboratory Medicine, 7th ed. (2022)"
CMP.ANTI_TIF1G,any,18,,,,Negative,,"Tietz Textbook of Laboratory Medicine, 7th ed. (2022)"
CMP.ANTI_MDA5,any,18,,,,Negative,,"Tietz Textbook of Laboratory Medicine, 7th ed. (2022)"
CMP.ANTI_NXP2,any,18,,,,Negative,,"Tietz Textbook of Laboratory Medicine, 7th ed. (2022)"
CMP.ANTI_SAE1,any,18,,,,Negative,,"Tietz Textbook of Laboratory Medicine, 7th ed. (2022)"
CMP.ANTI_KU,any,18,,,,Negative,,"Tietz Textbook of Laboratory Medicine, 7th ed. (2022)"
CMP.ANTI_PMSCL,any,18,,,,Negative,,"Tietz Textbook of Laboratory Medicine, 7th ed. (2022)"
CMP.ANTI_CN1A,any,18,,,,Negative,,"Tietz Textbook of Laboratory Medicine, 7th ed. (2022)"
CMP.ANTI_HMGCR,any,18,,,,Negative,,"Tietz Textbook of Laboratory Medicine, 7th ed. (2022)"
CMP.TTG_IGA,any,18,,0,7.0,,<7.0,"Tietz Textbook of Laboratory Medicine, 7th ed. (2022)"
CMP.ANTI_GBM,any,18,,0,7.0,,<7.0,"Tietz Textbook of Laboratory Medicine, 7th ed. (2022)"
CMP.ANTI_PLA2R,any,18,,0,14,,<14,"Tietz Textbook of Laboratory Medicine, 7th ed. (2022)"
CMP.AMA,any,18,,,,Negative,,"Tietz Textbook of Laboratory Medicine, 7th ed. (2022)"
CMP.ASMA,any,18,,,,Negative,,"Tietz Textbook of Laboratory Medicine, 7th ed. (2022)"
CMP.ANTI_LKM1,any,18,,,,Negative,,"Tietz Textbook of Laboratory Medicine, 7th ed. (2022)"
CMP.ANTI_IF,any,18,,,,Negative,,"Tietz Textbook of Laboratory Medicine, 7th ed. (2022)"
CMP.ANTI_GPC,any,18,,,,Negative,,"Tietz Textbook of Laboratory Medicine, 7th ed. (2022)"
CMP.SPEP_REPORT,any,18,,,,Normal,,"Catalogue review, Dr Atul Tiwari (2026)"
CMP.IFE_REPORT,any,18,,,,Normal,,"Catalogue review, Dr Atul Tiwari (2026)"
CMP.IGG,any,18,,6.0,16.0,,,"Tietz Textbook of Laboratory Medicine, 7th ed. (2022)"
CMP.IGA,any,18,,0.7,4.0,,,"Tietz Textbook of Laboratory Medicine, 7th ed. (2022)"
CMP.IGM,any,18,,0.4,2.3,,,"Tietz Textbook of Laboratory Medicine, 7th ed. (2022)"
CMP.FLC_KAPPA,any,18,,3.3,19.4,,,"Tietz Textbook of Laboratory Medicine, 7th ed. (2022)"
CMP.FLC_LAMBDA,any,18,,5.7,26.3,,,"Tietz Textbook of Laboratory Medicine, 7th ed. (2022)"
CMP.FLC_RATIO,any,18,,0.26,1.65,,,"Tietz Textbook of Laboratory Medicine, 7th ed. (2022)"
CMP.URINE_BJP,any,18,,,,Not detected,,"Tietz Textbook of Laboratory Medicine, 7th ed. (2022)"
CMP.B2M,any,18,,0.8,2.2,,,"Tietz Textbook of Laboratory Medicine, 7th ed. (2022)"
CMP.HIV_AG_AB,any,18,,,,Non-reactive,,"Tietz Textbook of Laboratory Medicine, 7th ed. (2022)"
CMP.HBSAG,any,18,,,,Non-reactive,,"Tietz Textbook of Laboratory Medicine, 7th ed. (2022)"
CMP.ANTI_HBC,any,18,,,,Non-reactive,,"Tietz Textbook of Laboratory Medicine, 7th ed. (2022)"
CMP.ANTI_HCV,any,18,,,,Non-reactive,,"Tietz Textbook of Laboratory Medicine, 7th ed. (2022)"
CMP.HAV_IGM,any,18,,,,Negative,,"Tietz Textbook of Laboratory Medicine, 7th ed. (2022)"
CMP.HEV_IGM,any,18,,,,Negative,,"Tietz Textbook of Laboratory Medicine, 7th ed. (2022)"
CMP.CMV_IGM,any,18,,,,Negative,,"Tietz Textbook of Laboratory Medicine, 7th ed. (2022)"
CMP.CMV_IGG,any,18,,,,Negative,,"Tietz Textbook of Laboratory Medicine, 7th ed. (2022)"
CMP.EBV_VCA_IGM,any,18,,,,Negative,,"Tietz Textbook of Laboratory Medicine, 7th ed. (2022)"
CMP.EBV_VCA_IGG,any,18,,,,Negative,,"Tietz Textbook of Laboratory Medicine, 7th ed. (2022)"
CMP.EBV_EBNA_IGG,any,18,,,,Negative,,"Tietz Textbook of Laboratory Medicine, 7th ed. (2022)"
CMP.PARVO_IGM,any,18,,,,Negative,,"Tietz Textbook of Laboratory Medicine, 7th ed. (2022)"
CMP.PARVO_IGG,any,18,,,,Negative,,"Tietz Textbook of Laboratory Medicine, 7th ed. (2022)"
CMP.MYCOPLASMA_IGM,any,18,,,,Negative,,"Tietz Textbook of Laboratory Medicine, 7th ed. (2022)"
CMP.DENGUE_NS1,any,18,,,,Negative,,"Tietz Textbook of Laboratory Medicine, 7th ed. (2022)"
CMP.DENGUE_IGM,any,18,,,,Negative,,"Tietz Textbook of Laboratory Medicine, 7th ed. (2022)"
CMP.CHIK_IGM,any,18,,,,Negative,,"Tietz Textbook of Laboratory Medicine, 7th ed. (2022)"
CMP.TYPHOID_IGM,any,18,,,,Negative,,"Tietz Textbook of Laboratory Medicine, 7th ed. (2022)"
CMP.WIDAL_TO,any,18,,,,Less than 1:80,,"Tietz Textbook of Laboratory Medicine, 7th ed. (2022)"
CMP.WIDAL_TH,any,18,,,,Less than 1:160,,"Tietz Textbook of Laboratory Medicine, 7th ed. (2022)"
CMP.LEPTO_IGM,any,18,,,,Negative,,"Tietz Textbook of Laboratory Medicine, 7th ed. (2022)"
CMP.SCRUB_IGM,any,18,,,,Negative,,"Tietz Textbook of Laboratory Medicine, 7th ed. (2022)"
CMP.TREPONEMAL_AB,any,18,,,,Non-reactive,,"Tietz Textbook of Laboratory Medicine, 7th ed. (2022)"
CMP.RPR,any,18,,,,Non-reactive,,"Tietz Textbook of Laboratory Medicine, 7th ed. (2022)"
CMP.IGRA,any,18,,,,Negative,,"Tietz Textbook of Laboratory Medicine, 7th ed. (2022)"
CMP.ASO,any,18,,0,200,,<200,"Tietz Textbook of Laboratory Medicine, 7th ed. (2022)"
CMP.BLOOD_CULTURE,any,18,,,,No growth,,"Tietz Textbook of Laboratory Medicine, 7th ed. (2022)"
CMP.URINE_CULTURE,any,18,,,,No significant growth,,"Tietz Textbook of Laboratory Medicine, 7th ed. (2022)"
CMP.STOOL_CULTURE,any,18,,,,No enteric pathogens isolated,,"Tietz Textbook of Laboratory Medicine, 7th ed. (2022)"
CMP.SPUTUM_GRAM,any,18,,,,Mixed oral flora,,"Tietz Textbook of Laboratory Medicine, 7th ed. (2022)"
CMP.SPUTUM_CULTURE,any,18,,,,Normal flora,,"Tietz Textbook of Laboratory Medicine, 7th ed. (2022)"
CMP.AFB_SMEAR,any,18,,,,No AFB seen,,"Tietz Textbook of Laboratory Medicine, 7th ed. (2022)"
CMP.XPERT_MTB_RIF,any,18,,,,MTB not detected,,"Tietz Textbook of Laboratory Medicine, 7th ed. (2022)"
CMP.CDIFF_TOXIN,any,18,,,,Not detected,,"Tietz Textbook of Laboratory Medicine, 7th ed. (2022)"
CMP.CSF_WBC,any,18,,0,5,,<5,"Tietz Textbook of Laboratory Medicine, 7th ed. (2022)"
CMP.CSF_RBC,any,18,,0,5,,<5,"Tietz Textbook of Laboratory Medicine, 7th ed. (2022)"
CMP.CSF_PROTEIN,any,18,,0.15,0.45,,,"Tietz Textbook of Laboratory Medicine, 7th ed. (2022)"
CMP.CSF_GLUCOSE,any,18,,2.5,4.4,,,"Tietz Textbook of Laboratory Medicine, 7th ed. (2022)"
CMP.CSF_APPEARANCE,any,18,,,,Clear and colourless,,"Tietz Textbook of Laboratory Medicine, 7th ed. (2022)"
CMP.CSF_GRAM,any,18,,,,No organisms seen,,"Tietz Textbook of Laboratory Medicine, 7th ed. (2022)"
CMP.CSF_CULTURE,any,18,,,,No growth,,"Tietz Textbook of Laboratory Medicine, 7th ed. (2022)"
CMP.U_COLOUR,any,18,,,,"Pale yellow, clear",,"Tietz Textbook of Laboratory Medicine, 7th ed. (2022)"
CMP.U_SG,any,18,,1.005,1.03,,,"Tietz Textbook of Laboratory Medicine, 7th ed. (2022)"
CMP.U_PH,any,18,,5.0,8.0,,,"Tietz Textbook of Laboratory Medicine, 7th ed. (2022)"
CMP.U_PROTEIN,any,18,,,,Negative,,"Tietz Textbook of Laboratory Medicine, 7th ed. (2022)"
CMP.U_GLUCOSE,any,18,,,,Negative,,"Tietz Textbook of Laboratory Medicine, 7th ed. (2022)"
CMP.U_KETONES,any,18,,,,Negative,,"Tietz Textbook of Laboratory Medicine, 7th ed. (2022)"
CMP.U_BLOOD,any,18,,,,Negative,,"Tietz Textbook of Laboratory Medicine, 7th ed. (2022)"
CMP.U_BILIRUBIN,any,18,,,,Negative,,"Tietz Textbook of Laboratory Medicine, 7th ed. (2022)"
CMP.U_UROBILINOGEN,any,18,,,,Normal,,"Tietz Textbook of Laboratory Medicine, 7th ed. (2022)"
CMP.U_LEUCOCYTES,any,18,,,,Negative,,"Tietz Textbook of Laboratory Medicine, 7th ed. (2022)"
CMP.U_NITRITE,any,18,,,,Negative,,"Tietz Textbook of Laboratory Medicine, 7th ed. (2022)"
CMP.U_MICRO_RBC,any,18,,0,2,,0-2,"Tietz Textbook of Laboratory Medicine, 7th ed. (2022)"
CMP.U_MICRO_WBC,any,18,,0,5,,0-5,"Tietz Textbook of Laboratory Medicine, 7th ed. (2022)"
CMP.U_CASTS,any,18,,,,None seen,,"Tietz Textbook of Laboratory Medicine, 7th ed. (2022)"
CMP.UPCR,any,18,,0,15,,<15,"Tietz Textbook of Laboratory Medicine, 7th ed. (2022)"
CMP.UACR,any,18,,0,3.0,,<3.0,"Tietz Textbook of Laboratory Medicine, 7th ed. (2022)"
CMP.U_HAEMOSIDERIN,any,18,,,,Negative,,"Tietz Textbook of Laboratory Medicine, 7th ed. (2022)"
CMP.U_PROTEIN_24H,any,18,,0,0.15,,<0.15,"Tietz Textbook of Laboratory Medicine, 7th ed. (2022)"
CMP.U_MYOGLOBIN,any,18,,,,Not detected,,"Tietz Textbook of Laboratory Medicine, 7th ed. (2022)"
CMP.URINE_NA,any,18,,20,200,,20-200 (varies with intake),"Tietz Textbook of Laboratory Medicine, 7th ed. (2022)"
CMP.OSMO_URINE,any,18,,50,1200,,50-1200,"Tietz Textbook of Laboratory Medicine, 7th ed. (2022)"
CMP.FIT,any,18,,,,Negative,,"Tietz Textbook of Laboratory Medicine, 7th ed. (2022)"
CMP.CALPROTECTIN,any,18,,0,50,,<50,"Tietz Textbook of Laboratory Medicine, 7th ed. (2022)"
CMP.STOOL_OVA_PARASITES,any,18,,,,"No ova, cysts or parasites seen",,"Tietz Textbook of Laboratory Medicine, 7th ed. (2022)"
CMP.HP_STOOL_AG,any,18,,,,Not detected,,"Tietz Textbook of Laboratory Medicine, 7th ed. (2022)"
CMP.FAECAL_ELASTASE,any,18,,200,500,,>200,"Tietz Textbook of Laboratory Medicine, 7th ed. (2022)"
CMP.XR_CHEST_REPORT,any,18,,,,Normal,,"Catalogue review, Dr Atul Tiwari (2026)"
CMP.XR_ABDOMEN_REPORT,any,18,,,,Normal,,"Catalogue review, Dr Atul Tiwari (2026)"
CMP.XR_SKULL_REPORT,any,18,,,,Normal,,"Catalogue review, Dr Atul Tiwari (2026)"
CMP.XR_SPINE_REPORT,any,18,,,,Normal,,"Catalogue review, Dr Atul Tiwari (2026)"
CMP.XR_PELVIS_REPORT,any,18,,,,Normal,,"Catalogue review, Dr Atul Tiwari (2026)"
CMP.XR_HANDS_REPORT,any,18,,,,Normal,,"Catalogue review, Dr Atul Tiwari (2026)"
CMP.XR_LONG_BONES_REPORT,any,18,,,,Normal,,"Catalogue review, Dr Atul Tiwari (2026)"
CMP.SKELETAL_SURVEY_REPORT,any,18,,,,Normal,,"Catalogue review, Dr Atul Tiwari (2026)"
CMP.US_ABDOMEN_REPORT,any,18,,,,Normal,,"Catalogue review, Dr Atul Tiwari (2026)"
CMP.US_PELVIS_REPORT,any,18,,,,Normal,,"Catalogue review, Dr Atul Tiwari (2026)"
CMP.US_KIDNEYS_REPORT,any,18,,,,Normal,,"Catalogue review, Dr Atul Tiwari (2026)"
CMP.US_NECK_REPORT,any,18,,,,Normal,,"Catalogue review, Dr Atul Tiwari (2026)"
CMP.DOPPLER_LEGS_REPORT,any,18,,,,Normal,,"Catalogue review, Dr Atul Tiwari (2026)"
CMP.CAROTID_DOPPLER_REPORT,any,18,,,,Normal,,"Catalogue review, Dr Atul Tiwari (2026)"
CMP.ELASTOGRAPHY_REPORT,any,18,,,,Normal,,"Catalogue review, Dr Atul Tiwari (2026)"
CMP.CT_HEAD_REPORT,any,18,,,,Normal,,"Catalogue review, Dr Atul Tiwari (2026)"
CMP.CT_CHEST_REPORT,any,18,,,,Normal,,"Catalogue review, Dr Atul Tiwari (2026)"
CMP.CTPA_REPORT,any,18,,,,Normal,,"Catalogue review, Dr Atul Tiwari (2026)"
CMP.CT_ABDOMEN_PELVIS_REPORT,any,18,,,,Normal,,"Catalogue review, Dr Atul Tiwari (2026)"
CMP.WBLDCT_REPORT,any,18,,,,Normal,,"Catalogue review, Dr Atul Tiwari (2026)"
CMP.CT_KUB_REPORT,any,18,,,,Normal,,"Catalogue review, Dr Atul Tiwari (2026)"
CMP.CT_NECK_REPORT,any,18,,,,Normal,,"Catalogue review, Dr Atul Tiwari (2026)"
CMP.MRI_BRAIN_REPORT,any,18,,,,Normal,,"Catalogue review, Dr Atul Tiwari (2026)"
CMP.MRI_SPINE_REPORT,any,18,,,,Normal,,"Catalogue review, Dr Atul Tiwari (2026)"
CMP.MRI_MUSCLE_REPORT,any,18,,,,Normal,,"Catalogue review, Dr Atul Tiwari (2026)"
CMP.MRCP_REPORT,any,18,,,,Normal,,"Catalogue review, Dr Atul Tiwari (2026)"
CMP.MRI_PITUITARY_REPORT,any,18,,,,Normal,,"Catalogue review, Dr Atul Tiwari (2026)"
CMP.BONE_SCAN_REPORT,any,18,,,,Normal,,"Catalogue review, Dr Atul Tiwari (2026)"
CMP.PET_CT_REPORT,any,18,,,,Normal,,"Catalogue review, Dr Atul Tiwari (2026)"
CMP.DXA_REPORT,any,18,,,,Normal,,"Catalogue review, Dr Atul Tiwari (2026)"
CMP.ECG_REPORT,any,18,,,,Normal,,"Harrison's Principles of Internal Medicine, 21st ed. (2022)"
CMP.ECHO_REPORT,any,18,,,,Normal,,"Harrison's Principles of Internal Medicine, 21st ed. (2022)"
CMP.HOLTER_REPORT,any,18,,,,Normal,,"Harrison's Principles of Internal Medicine, 21st ed. (2022)"
CMP.TMT_REPORT,any,18,,,,Normal,,"Harrison's Principles of Internal Medicine, 21st ed. (2022)"
CMP.CORONARY_ANGIO_REPORT,any,18,,,,Normal,,"Harrison's Principles of Internal Medicine, 21st ed. (2022)"
CMP.OGD_REPORT,any,18,,,,Normal,,"Harrison's Principles of Internal Medicine, 21st ed. (2022)"
CMP.COLONOSCOPY_REPORT,any,18,,,,Normal,,"Harrison's Principles of Internal Medicine, 21st ed. (2022)"
CMP.CAPSULE_REPORT,any,18,,,,Normal,,"Harrison's Principles of Internal Medicine, 21st ed. (2022)"
CMP.BRONCHOSCOPY_REPORT,any,18,,,,Normal,,"Harrison's Principles of Internal Medicine, 21st ed. (2022)"
CMP.NCS_EMG_REPORT,any,18,,,,Normal,,"Harrison's Principles of Internal Medicine, 21st ed. (2022)"
CMP.EEG_REPORT,any,18,,,,Normal,,"Harrison's Principles of Internal Medicine, 21st ed. (2022)"
CMP.LP_REPORT,any,18,,,,Normal,,"Harrison's Principles of Internal Medicine, 21st ed. (2022)"
CMP.LIVER_BIOPSY_REPORT,any,18,,,,Normal,,"Catalogue review, Dr Atul Tiwari (2026)"
CMP.KIDNEY_BIOPSY_REPORT,any,18,,,,Normal,,"Catalogue review, Dr Atul Tiwari (2026)"
CMP.MUSCLE_BIOPSY_REPORT,any,18,,,,Normal,,"Catalogue review, Dr Atul Tiwari (2026)"
CMP.SKIN_BIOPSY_REPORT,any,18,,,,Normal,,"Catalogue review, Dr Atul Tiwari (2026)"
CMP.LYMPH_NODE_BIOPSY_REPORT,any,18,,,,Normal,,"Catalogue review, Dr Atul Tiwari (2026)"
CMP.QTC,M,18,,350,440,,,"Harrison's Principles of Internal Medicine, 21st ed. (2022)"
CMP.QTC,F,18,,350,460,,,"Harrison's Principles of Internal Medicine, 21st ed. (2022)"
CMP.LVEF,any,18,,55,70,,,"Harrison's Principles of Internal Medicine, 21st ed. (2022)"
CMP.LP_OPENING_PRESSURE,any,18,,10,25,,,"Harrison's Principles of Internal Medicine, 21st ed. (2022)"
CMP.FEV1_PCT_PRED,any,18,,80,120,,>80,"Harrison's Principles of Internal Medicine, 21st ed. (2022)"
CMP.FVC_PCT_PRED,any,18,,80,120,,>80,"Harrison's Principles of Internal Medicine, 21st ed. (2022)"
CMP.FEV1_FVC_RATIO,any,18,,70,85,,>70,"Harrison's Principles of Internal Medicine, 21st ed. (2022)"
