id,name,category,synonyms,specialty_scope,icd11,icd10,codes_verified
DX.IRON_DEFICIENCY_ANAEMIA,Iron deficiency anaemia,haematology,IDA|iron deficiency anemia|low iron anaemia|microcytic anaemia due to iron deficiency,attending,3A00,D50.9,false
DX.IRON_DEFICIENCY_ANAEMIA_BLOOD_LOSS,Iron deficiency anaemia secondary to chronic blood loss,haematology,chronic blood loss anaemia|iron deficiency anemia from blood loss|IDA from bleeding,attending,,D50.0,false
DX.IRON_DEFICIENCY_WITHOUT_ANAEMIA,Iron deficiency without anaemia,haematology,latent iron deficiency|iron depletion|non-anaemic iron deficiency,attending,,E61.1,false
DX.B12_DEFICIENCY_ANAEMIA,Vitamin B12 deficiency anaemia,haematology,B12 deficiency anemia|cobalamin deficiency|megaloblastic anaemia due to B12 deficiency,attending,3A01,D51.9,false
DX.PERNICIOUS_ANAEMIA,Pernicious anaemia,haematology,PA|pernicious anemia|Addisonian anaemia|autoimmune gastritis with B12 deficiency,attending,,D51.0,false
DX.FOLATE_DEFICIENCY_ANAEMIA,Folate deficiency anaemia,haematology,folic acid deficiency anemia|folate deficiency|megaloblastic anaemia due to folate deficiency,attending,3A02,D52.9,false
DX.MEGALOBLASTIC_ANAEMIA,"Megaloblastic anaemia, unspecified",haematology,megaloblastic anemia|macrocytic megaloblastic anaemia|MA,attending,,D53.1,false
DX.ANAEMIA_OF_INFLAMMATION,Anaemia of inflammation,haematology,anaemia of chronic disease|ACD|anemia of chronic inflammation,attending,,D63.8,false
DX.ANAEMIA_OF_CKD,Anaemia of chronic kidney disease,haematology,renal anaemia|anemia of CKD|CKD anaemia,attending,,D63.8,false
DX.ANAEMIA_OF_HYPOTHYROIDISM,Anaemia due to hypothyroidism,haematology,hypothyroid anaemia|anemia of hypothyroidism|endocrine anaemia,attending,,D63.8,false
DX.MIXED_NUTRITIONAL_ANAEMIA,Mixed nutritional anaemia,haematology,dimorphic anaemia|combined iron and B12 deficiency|nutritional anemia,attending,,D53.8,false
DX.PROTEIN_DEFICIENCY_ANAEMIA,Protein deficiency anaemia,haematology,anaemia of malnutrition|protein energy malnutrition anemia|PEM anaemia,attending,,D53.0,false
DX.ACUTE_BLOOD_LOSS_ANAEMIA,Acute posthaemorrhagic anaemia,haematology,acute blood loss anaemia|acute posthemorrhagic anemia|haemorrhagic anaemia,attending,,D62,false
DX.WARM_AIHA,Warm autoimmune haemolytic anaemia,haematology,warm AIHA|wAIHA|warm autoimmune hemolytic anemia|IgG mediated haemolysis,attending,,D59.1,false
DX.COLD_AGGLUTININ_DISEASE,Cold agglutinin disease,haematology,CAD|cold AIHA|cold autoimmune hemolytic anemia|cold agglutinin syndrome,attending,,D59.1,false
DX.MIXED_AIHA,Mixed-type autoimmune haemolytic anaemia,haematology,mixed AIHA|mixed warm and cold AIHA|mixed autoimmune hemolytic anemia,attending,,D59.1,false
DX.PAROXYSMAL_COLD_HAEMOGLOBINURIA,Paroxysmal cold haemoglobinuria,haematology,PCH|Donath-Landsteiner haemolysis|paroxysmal cold hemoglobinuria,attending,,D59.6,false
DX.DRUG_INDUCED_IMMUNE_HAEMOLYSIS,Drug-induced immune haemolytic anaemia,drug-related,DIIHA|drug induced immune hemolytic anemia|drug antibody haemolysis,attending,,D59.0,false
DX.DRUG_INDUCED_NONIMMUNE_HAEMOLYSIS,Drug-induced non-autoimmune haemolytic anaemia,drug-related,oxidant drug haemolysis|drug induced nonimmune hemolytic anemia|toxic haemolysis,attending,,D59.2,false
DX.IVIG_HAEMOLYSIS,IVIG-associated haemolysis,drug-related,intravenous immunoglobulin haemolysis|IVIG hemolysis|IVIG-induced haemolytic anaemia|isohaemagglutinin haemolysis after IVIG,attending,,D59.0,false
DX.DELAYED_HAEMOLYTIC_TRANSFUSION_REACTION,Delayed haemolytic transfusion reaction,haematology,DHTR|delayed hemolytic transfusion reaction|delayed transfusion haemolysis,attending,,T80.8,false
DX.ACUTE_HAEMOLYTIC_TRANSFUSION_REACTION,Acute haemolytic transfusion reaction,haematology,AHTR|ABO incompatible transfusion|acute hemolytic transfusion reaction,attending,,T80.3,false
DX.HEREDITARY_SPHEROCYTOSIS,Hereditary spherocytosis,haematology,HS|congenital spherocytosis|spherocytic anaemia|hereditary spherocytic anemia,attending,,D58.0,false
DX.HEREDITARY_ELLIPTOCYTOSIS,Hereditary elliptocytosis,haematology,HE|ovalocytosis|elliptocytic anaemia,attending,,D58.1,false
DX.SOUTHEAST_ASIAN_OVALOCYTOSIS,Southeast Asian ovalocytosis,haematology,SAO|Melanesian ovalocytosis|stomatocytic elliptocytosis,attending,,D58.1,false
DX.HEREDITARY_STOMATOCYTOSIS,Hereditary stomatocytosis,haematology,dehydrated hereditary stomatocytosis|xerocytosis|overhydrated stomatocytosis,attending,,D58.8,false
DX.G6PD_DEFICIENCY,G6PD deficiency,haematology,glucose-6-phosphate dehydrogenase deficiency|G6PD deficient haemolysis|favism,attending,,D55.0,false
DX.PYRUVATE_KINASE_DEFICIENCY,Pyruvate kinase deficiency,haematology,PK deficiency|PKD|pyruvate kinase deficient anemia,attending,,D55.2,false
DX.P5N_DEFICIENCY,Pyrimidine 5'-nucleotidase deficiency,haematology,P5N deficiency|P5'N-1 deficiency|pyrimidine 5 prime nucleotidase deficiency|P5N1 deficiency,attending,,D55.3,false
DX.BETA_THALASSAEMIA_TRAIT,Beta thalassaemia trait,haematology,beta thal trait|beta thalassemia minor|BTT|thalassaemia minor,attending,,D56.1,false
DX.BETA_THALASSAEMIA_MAJOR,Beta thalassaemia major,haematology,TM|Cooley anaemia|transfusion dependent beta thalassemia|TDT,attending,,D56.1,false
DX.BETA_THALASSAEMIA_INTERMEDIA,Beta thalassaemia intermedia,haematology,thalassaemia intermedia|NTDT|non transfusion dependent thalassemia,attending,,D56.1,false
DX.HBE_BETA_THALASSAEMIA,HbE-beta thalassaemia,haematology,HbE beta thal|haemoglobin E beta thalassemia|E-beta thalassaemia,attending,,D56.1,false
DX.ALPHA_THALASSAEMIA_TRAIT,Alpha thalassaemia trait,haematology,alpha thal trait|alpha thalassemia minor|alpha thalassaemia carrier,attending,,D56.3,false
DX.HBH_DISEASE,Haemoglobin H disease,haematology,HbH disease|hemoglobin H disease|alpha thalassaemia intermedia,attending,,D56.0,false
DX.DELTA_BETA_THALASSAEMIA,Delta-beta thalassaemia,haematology,delta beta thal|HPFH-like thalassaemia|delta-beta thalassemia,attending,,D56.2,false
DX.HPFH,Hereditary persistence of fetal haemoglobin,haematology,HPFH|persistent HbF|hereditary persistence of fetal hemoglobin,attending,,D56.4,false
DX.SICKLE_CELL_ANAEMIA,Sickle cell anaemia (HbSS),haematology,sickle cell disease|SCD|HbSS|sickle cell anemia,attending,,D57.1,false
DX.SICKLE_CELL_CRISIS,Sickle cell disease with crisis,haematology,vaso-occlusive crisis|VOC|sickle crisis|painful crisis,attending,,D57.0,false
DX.SICKLE_CELL_TRAIT,Sickle cell trait,haematology,HbAS|sickle trait|sickle carrier,attending,,D57.3,false
DX.SICKLE_BETA_THALASSAEMIA,Sickle-beta thalassaemia,haematology,HbS beta thal|sickle beta thalassemia|S-beta thalassaemia,attending,,D57.2,false
DX.HBE_TRAIT,Haemoglobin E trait,haematology,HbE trait|HbAE|hemoglobin E carrier,attending,,D58.2,false
DX.UNSTABLE_HAEMOGLOBIN,Unstable haemoglobin disease,haematology,unstable hemoglobinopathy|Heinz body haemolytic anaemia|congenital Heinz body anemia,attending,,D58.2,false
DX.PNH,Paroxysmal nocturnal haemoglobinuria,haematology,PNH|paroxysmal nocturnal hemoglobinuria|Marchiafava-Micheli syndrome,attending,,D59.5,false
DX.TTP,Thrombotic thrombocytopenic purpura,haematology,TTP|Moschcowitz syndrome|ADAMTS13 deficiency|immune TTP,attending,,M31.1,false
DX.HUS,Haemolytic uraemic syndrome,haematology,HUS|hemolytic uremic syndrome|STEC-HUS,attending,,D59.3,false
DX.ATYPICAL_HUS,Atypical haemolytic uraemic syndrome,haematology,aHUS|complement-mediated TMA|atypical hemolytic uremic syndrome,attending,,D59.3,false
DX.MAHA_OTHER,"Microangiopathic haemolytic anaemia, other",haematology,MAHA|thrombotic microangiopathy|microangiopathic hemolytic anemia|TMA,attending,,D59.4,false
DX.MECHANICAL_VALVE_HAEMOLYSIS,Mechanical heart valve haemolysis,haematology,prosthetic valve haemolysis|Waring blender syndrome|valve hemolysis,attending,,D59.4,false
DX.MARCH_HAEMOGLOBINURIA,March haemoglobinuria,haematology,exercise haemoglobinuria|footstrike haemolysis|march hemoglobinuria,attending,,D59.6,false
DX.MALARIA_HAEMOLYSIS,Haemolysis due to malaria,haematology,malarial haemolysis|blackwater fever|malaria hemolysis,attending,,B50.8,false
DX.APLASTIC_ANAEMIA,Aplastic anaemia,haematology,AA|acquired aplastic anemia|bone marrow aplasia|marrow failure,attending,3A70,D61.9,false
DX.FANCONI_ANAEMIA,Fanconi anaemia,haematology,FA|Fanconi anemia|constitutional aplastic anaemia,attending,,D61.0,false
DX.PURE_RED_CELL_APLASIA,Pure red cell aplasia,haematology,PRCA|acquired red cell aplasia|erythroblastopenia,attending,,D60.9,false
DX.DIAMOND_BLACKFAN_ANAEMIA,Diamond-Blackfan anaemia,haematology,DBA|congenital pure red cell aplasia|Diamond Blackfan anemia,attending,,D61.0,false
DX.CDA,Congenital dyserythropoietic anaemia,haematology,CDA|congenital dyserythropoietic anemia|CDA type II|HEMPAS,attending,,D64.4,false
DX.CONGENITAL_SIDEROBLASTIC_ANAEMIA,Congenital sideroblastic anaemia,haematology,X-linked sideroblastic anaemia|XLSA|hereditary sideroblastic anemia|ALAS2 deficiency,attending,,D64.0,false
DX.SIDEROBLASTIC_ANAEMIA_TOXIC,Acquired sideroblastic anaemia due to toxins or drugs,drug-related,toxic sideroblastic anaemia|drug induced sideroblastic anemia|secondary sideroblastic anaemia|reversible sideroblastic anaemia,attending,,D64.2,false
DX.SIDEROBLASTIC_ANAEMIA_ALCOHOL,Sideroblastic anaemia due to alcohol,drug-related,alcohol induced sideroblastic anemia|alcoholic sideroblastic anaemia|ethanol sideroblastic anaemia,attending,,D64.2,false
DX.DRUG_INDUCED_ANAEMIA,Drug-induced anaemia,drug-related,medication-induced anaemia|drug induced anemia|iatrogenic anaemia|drug related marrow suppression,attending,,D64.8,false
DX.ANAEMIA_UNSPECIFIED,"Anaemia, unspecified",haematology,anemia|low haemoglobin|low Hb,attending,,D64.9,false
DX.SECONDARY_POLYCYTHAEMIA,Secondary polycythaemia,haematology,secondary erythrocytosis|secondary polycythemia|hypoxic erythrocytosis,attending,,D75.1,false
DX.METHAEMOGLOBINAEMIA,Methaemoglobinaemia,haematology,methemoglobinemia|MetHb|acquired methaemoglobinaemia,attending,,D74.9,false
DX.HAEMOCHROMATOSIS,Hereditary haemochromatosis,metabolic,HH|hemochromatosis|HFE haemochromatosis|iron overload,attending,,E83.1,false
DX.TRANSFUSIONAL_IRON_OVERLOAD,Transfusional iron overload,haematology,secondary haemosiderosis|transfusion siderosis|secondary iron overload,attending,,E83.1,false
DX.HYPERSPLENISM,Hypersplenism,haematology,splenic sequestration|hypersplenic cytopenia|splenomegaly with cytopenias,attending,,D73.1,false
DX.LEUKOCYTOSIS_REACTIVE,Reactive leukocytosis,haematology,leukemoid reaction|reactive neutrophilia|leukaemoid reaction,attending,,D72.8,false
DX.NEUTROPENIA,Neutropenia,haematology,agranulocytosis|low neutrophil count|neutropaenia,attending,,D70,false
DX.FEBRILE_NEUTROPENIA,Febrile neutropenia,haematology,FN|neutropenic fever|neutropenic sepsis,attending,,D70,false
DX.EOSINOPHILIA,Eosinophilia,haematology,hypereosinophilia|raised eosinophils|HES,attending,,D72.1,false
DX.PANCYTOPENIA,"Pancytopenia, unspecified",haematology,trilineage cytopenia|pancytopaenia|low all counts,attending,,D61.9,false
DX.MDS,Myelodysplastic syndrome,oncology,MDS|myelodysplasia|myelodysplastic neoplasm|preleukaemia,attending,,D46.9,false
DX.MDS_RING_SIDEROBLASTS,Myelodysplastic syndrome with ring sideroblasts,oncology,MDS-RS|RARS|refractory anaemia with ring sideroblasts|MDS with SF3B1 mutation,attending,,D46.1,false
DX.MDS_EXCESS_BLASTS,Myelodysplastic syndrome with excess blasts,oncology,MDS-EB|RAEB|refractory anemia with excess blasts,attending,,D46.2,false
DX.MDS_DEL5Q,Myelodysplastic syndrome with isolated del(5q),oncology,5q minus syndrome|MDS del 5q|5q- syndrome,attending,,D46.5,false
DX.CMML,Chronic myelomonocytic leukaemia,oncology,CMML|chronic myelomonocytic leukemia|MDS/MPN,attending,,C93.1,false
DX.AML,Acute myeloid leukaemia,oncology,AML|acute myeloid leukemia|acute myelogenous leukaemia|ANLL,attending,,C92.0,false
DX.APL,Acute promyelocytic leukaemia,oncology,APL|APML|acute promyelocytic leukemia|AML M3,attending,,C92.4,false
DX.ALL,Acute lymphoblastic leukaemia,oncology,ALL|acute lymphoblastic leukemia|acute lymphocytic leukaemia,attending,,C91.0,false
DX.CML,Chronic myeloid leukaemia,oncology,CML|chronic myeloid leukemia|BCR-ABL1 positive leukaemia,attending,,C92.1,false
DX.CLL,Chronic lymphocytic leukaemia,oncology,CLL|chronic lymphocytic leukemia|small lymphocytic lymphoma|SLL,attending,,C91.1,false
DX.HAIRY_CELL_LEUKAEMIA,Hairy cell leukaemia,oncology,HCL|hairy cell leukemia|leukaemic reticuloendotheliosis,attending,,C91.4,false
DX.POLYCYTHAEMIA_VERA,Polycythaemia vera,oncology,PV|polycythemia vera|primary polycythaemia|JAK2 polycythaemia,attending,,D45,false
DX.ESSENTIAL_THROMBOCYTHAEMIA,Essential thrombocythaemia,oncology,ET|essential thrombocythemia|primary thrombocytosis,attending,,D47.3,false
DX.PRIMARY_MYELOFIBROSIS,Primary myelofibrosis,oncology,PMF|myelofibrosis|agnogenic myeloid metaplasia|idiopathic myelofibrosis,attending,,D47.4,false
DX.HODGKIN_LYMPHOMA,Hodgkin lymphoma,oncology,HL|Hodgkin disease|Hodgkin's lymphoma,attending,,C81.9,false
DX.DLBCL,Diffuse large B-cell lymphoma,oncology,DLBCL|diffuse large B cell lymphoma|high grade B cell lymphoma,attending,,C83.3,false
DX.FOLLICULAR_LYMPHOMA,Follicular lymphoma,oncology,FL|follicular NHL|low grade B cell lymphoma,attending,,C82.9,false
DX.MANTLE_CELL_LYMPHOMA,Mantle cell lymphoma,oncology,MCL|mantle cell NHL|mantle zone lymphoma,attending,,C83.1,false
DX.BURKITT_LYMPHOMA,Burkitt lymphoma,oncology,Burkitt's lymphoma|BL|high grade B cell lymphoma with MYC,attending,,C83.7,false
DX.MARGINAL_ZONE_LYMPHOMA,Marginal zone lymphoma,oncology,MZL|MALT lymphoma|splenic marginal zone lymphoma,attending,,C88.4,false
DX.T_CELL_LYMPHOMA,Peripheral T-cell lymphoma,oncology,PTCL|T cell NHL|peripheral T cell lymphoma NOS,attending,,C84.4,false
DX.NHL,"Non-Hodgkin lymphoma, unspecified",oncology,NHL|non Hodgkin's lymphoma|lymphoma NOS,attending,,C85.9,false
DX.WALDENSTROM,Waldenstrom macroglobulinaemia,oncology,WM|Waldenstrom's macroglobulinemia|lymphoplasmacytic lymphoma|LPL,attending,,C88.0,false
DX.MULTIPLE_MYELOMA,Multiple myeloma,oncology,MM|plasma cell myeloma|myelomatosis|Kahler disease,attending,2A83.1,C90.0,false
DX.SMOULDERING_MYELOMA,Smouldering multiple myeloma,oncology,SMM|smoldering myeloma|asymptomatic myeloma,attending,,C90.0,false
DX.MGUS,Monoclonal gammopathy of undetermined significance,oncology,MGUS|benign monoclonal gammopathy|paraproteinaemia of undetermined significance,attending,,D47.2,false
DX.MGRS,Monoclonal gammopathy of renal significance,oncology,MGRS|paraprotein-related kidney disease|monoclonal gammopathy with renal involvement,attending,,D47.2,false
DX.PLASMACYTOMA,Solitary plasmacytoma,oncology,solitary bone plasmacytoma|extramedullary plasmacytoma|SBP,attending,,C90.3,false
DX.PLASMA_CELL_LEUKAEMIA,Plasma cell leukaemia,oncology,PCL|plasma cell leukemia|primary PCL,attending,,C90.1,false
DX.AL_AMYLOIDOSIS,AL amyloidosis,oncology,primary amyloidosis|light chain amyloidosis|AL amyloid,attending,,E85.8,false
DX.POEMS,POEMS syndrome,oncology,POEMS|osteosclerotic myeloma|Crow-Fukase syndrome,attending,,D47.7,false
DX.HLH,Haemophagocytic lymphohistiocytosis,haematology,HLH|hemophagocytic lymphohistiocytosis|haemophagocytic syndrome|macrophage activation syndrome,attending,,D76.1,false
DX.LANGERHANS_HISTIOCYTOSIS,Langerhans cell histiocytosis,oncology,LCH|histiocytosis X|eosinophilic granuloma,attending,,C96.6,false
DX.ITP,Immune thrombocytopenia,haematology,ITP|idiopathic thrombocytopenic purpura|immune thrombocytopenic purpura,attending,,D69.3,false
DX.HIT,Heparin-induced thrombocytopenia,drug-related,HIT|heparin induced thrombocytopenia|HITT,attending,,D69.5,false
DX.DRUG_INDUCED_THROMBOCYTOPENIA,Drug-induced thrombocytopenia,drug-related,DITP|drug induced immune thrombocytopenia|medication thrombocytopenia,attending,,D69.5,false
DX.DIC,Disseminated intravascular coagulation,haematology,DIC|consumptive coagulopathy|defibrination syndrome,attending,,D65,false
DX.HAEMOPHILIA_A,Haemophilia A,haematology,hemophilia A|factor VIII deficiency|classic haemophilia,attending,,D66,false
DX.HAEMOPHILIA_B,Haemophilia B,haematology,hemophilia B|factor IX deficiency|Christmas disease,attending,,D67,false
DX.VON_WILLEBRAND_DISEASE,Von Willebrand disease,haematology,VWD|von Willebrand's disease|vWF deficiency,attending,,D68.0,false
DX.ACQUIRED_HAEMOPHILIA,Acquired haemophilia A,haematology,AHA|acquired factor VIII inhibitor|acquired hemophilia,attending,,D68.3,false
DX.VITAMIN_K_DEFICIENCY,Vitamin K deficiency coagulopathy,haematology,vitamin K deficiency bleeding|VKDB|acquired coagulation factor deficiency,attending,,D68.4,false
DX.WARFARIN_OVERANTICOAGULATION,Excessive anticoagulation with warfarin,drug-related,warfarin toxicity|supratherapeutic INR|over-anticoagulation,attending,,D68.3,false
DX.ANTIPHOSPHOLIPID_SYNDROME,Antiphospholipid syndrome,rheumatology,APS|antiphospholipid antibody syndrome|Hughes syndrome,attending,,D68.6,false
DX.FACTOR_V_LEIDEN,Factor V Leiden thrombophilia,haematology,FVL|activated protein C resistance|factor V Leiden mutation,attending,,D68.5,false
DX.PROTEIN_C_S_DEFICIENCY,Protein C or protein S deficiency,haematology,protein C deficiency|protein S deficiency|inherited thrombophilia,attending,,D68.5,false
DX.DVT,Deep vein thrombosis,cardiology,DVT|deep venous thrombosis|leg vein thrombosis,attending,,I80.2,false
DX.PORTAL_VEIN_THROMBOSIS,Portal vein thrombosis,hepatology,PVT|portal venous thrombosis|extrahepatic portal vein obstruction,attending,,I81,false
DX.BUDD_CHIARI,Budd-Chiari syndrome,hepatology,BCS|hepatic vein thrombosis|hepatic venous outflow obstruction,attending,,I82.0,false
DX.CVST,Cerebral venous sinus thrombosis,neurology,CVST|CVT|cerebral venous thrombosis|dural sinus thrombosis,attending,,I67.6,false
DX.HEAVY_METAL_POISONING,Heavy metal poisoning,toxicology,heavy metal toxicity|metal poisoning|toxic effect of metals,attending,,T56.9,false
DX.LEAD_POISONING,Lead poisoning,toxicology,plumbism|lead toxicity|saturnism|toxic effect of lead,attending,,T56.0,false
DX.ARSENIC_POISONING,Arsenic poisoning,toxicology,arsenicosis|arsenic toxicity|toxic effect of arsenic,attending,,T57.0,false
DX.MERCURY_POISONING,Mercury poisoning,toxicology,mercurialism|mercury toxicity|hydrargyria|toxic effect of mercury,attending,,T56.1,false
DX.CADMIUM_POISONING,Cadmium poisoning,toxicology,cadmium toxicity|itai-itai disease|toxic effect of cadmium,attending,,T56.3,false
DX.THALLIUM_POISONING,Thallium poisoning,toxicology,thallium toxicity|toxic effect of thallium|rat poison thallium,attending,,T60.4,false
DX.ALUMINIUM_PHOSPHIDE_POISONING,Aluminium phosphide poisoning,toxicology,celphos poisoning|ALP poisoning|aluminum phosphide poisoning|phosphine poisoning,attending,,T60.4,false
DX.ZINC_PHOSPHIDE_POISONING,Zinc phosphide poisoning,toxicology,rat killer poisoning|zinc phosphide toxicity|rodenticide poisoning,attending,,T60.4,false
DX.ORGANOPHOSPHATE_POISONING,Organophosphate poisoning,toxicology,OP poisoning|organophosphorus poisoning|cholinergic toxicity|pesticide poisoning,attending,,T60.0,false
DX.PARAQUAT_POISONING,Paraquat poisoning,toxicology,herbicide poisoning|paraquat toxicity|bipyridyl poisoning,attending,,T60.3,false
DX.PARACETAMOL_OVERDOSE,Paracetamol overdose,toxicology,acetaminophen overdose|paracetamol poisoning|APAP toxicity,attending,,T39.1,false
DX.SALICYLATE_POISONING,Salicylate poisoning,toxicology,aspirin overdose|salicylism|salicylate toxicity,attending,,T39.0,false
DX.METHANOL_POISONING,Methanol poisoning,toxicology,methyl alcohol poisoning|hooch tragedy|spurious liquor poisoning|methanol toxicity,attending,,T51.1,false
DX.ETHYLENE_GLYCOL_POISONING,Ethylene glycol poisoning,toxicology,antifreeze poisoning|ethylene glycol toxicity|glycol poisoning,attending,,T52.3,false
DX.CARBON_MONOXIDE_POISONING,Carbon monoxide poisoning,toxicology,CO poisoning|carboxyhaemoglobinaemia|carbon monoxide toxicity,attending,,T58,false
DX.SNAKEBITE_NEUROTOXIC,"Snakebite envenomation, neurotoxic",toxicology,neurotoxic envenomation|krait bite|cobra bite|elapid envenoming,attending,,T63.0,false
DX.SNAKEBITE_HAEMOTOXIC,"Snakebite envenomation, haemotoxic",toxicology,viper bite|haemotoxic envenomation|Russell viper bite|venom induced consumption coagulopathy|hemotoxic snakebite,attending,,T63.0,false
DX.SCORPION_STING,Scorpion sting envenomation,toxicology,scorpion envenomation|scorpion bite|scorpionism,attending,,T63.2,false
DX.DIGOXIN_TOXICITY,Digoxin toxicity,drug-related,digitalis toxicity|digoxin poisoning|dig toxicity,attending,,T46.0,false
DX.LITHIUM_TOXICITY,Lithium toxicity,drug-related,lithium poisoning|lithium overdose|lithium intoxication,attending,,T43.5,false
DX.TCA_OVERDOSE,Tricyclic antidepressant overdose,toxicology,TCA poisoning|amitriptyline overdose|tricyclic toxicity,attending,,T43.0,false
DX.BENZODIAZEPINE_OVERDOSE,Benzodiazepine overdose,toxicology,benzo overdose|sedative overdose|benzodiazepine poisoning,attending,,T42.4,false
DX.OPIOID_OVERDOSE,Opioid overdose,toxicology,opiate poisoning|narcotic overdose|opioid toxicity,attending,,T40.2,false
DX.IRON_OVERDOSE,Iron overdose,toxicology,iron poisoning|iron tablet overdose|ferrous sulphate poisoning,attending,,T45.4,false
DX.DATURA_POISONING,Datura poisoning,toxicology,anticholinergic poisoning|dhatura poisoning|anticholinergic toxidrome,attending,,T62.2,false
DX.YELLOW_OLEANDER_POISONING,Yellow oleander poisoning,toxicology,oleander poisoning|cardiac glycoside plant poisoning|Thevetia poisoning,attending,,T62.2,false
DX.ALCOHOL_INTOXICATION,Acute alcohol intoxication,toxicology,ethanol intoxication|drunkenness|acute alcohol poisoning,attending,,F10.0,false
DX.ALCOHOL_WITHDRAWAL,Alcohol withdrawal syndrome,psychiatry,AWS|alcohol withdrawal|delirium tremens|DTs,attending,,F10.3,false
DX.ALCOHOL_DEPENDENCE,Alcohol dependence,psychiatry,alcohol use disorder|AUD|alcoholism,attending,,F10.2,false
DX.ACUTE_INTERMITTENT_PORPHYRIA,Acute intermittent porphyria,metabolic,AIP|acute porphyria|PBG deaminase deficiency|HMBS deficiency,attending,,E80.2,false
DX.PORPHYRIA_CUTANEA_TARDA,Porphyria cutanea tarda,metabolic,PCT|cutaneous porphyria|uroporphyrinogen decarboxylase deficiency,attending,,E80.1,false
DX.VARIEGATE_PORPHYRIA,Variegate porphyria,metabolic,VP|South African porphyria|protoporphyrinogen oxidase deficiency,attending,,E80.2,false
DX.HEREDITARY_COPROPORPHYRIA,Hereditary coproporphyria,metabolic,HCP|coproporphyrinogen oxidase deficiency|coproporphyria,attending,,E80.2,false
DX.ERYTHROPOIETIC_PROTOPORPHYRIA,Erythropoietic protoporphyria,metabolic,EPP|protoporphyria|ferrochelatase deficiency,attending,,E80.0,false
DX.ALAD_PORPHYRIA,ALA dehydratase deficiency porphyria,metabolic,ADP|Doss porphyria|ALAD deficiency porphyria,attending,,E80.2,false
DX.WILSON_DISEASE,Wilson disease,metabolic,Wilson's disease|hepatolenticular degeneration|copper overload,attending,,E83.0,false
DX.COPPER_DEFICIENCY,Copper deficiency,metabolic,hypocupraemia|acquired copper deficiency|copper deficiency myeloneuropathy|hypocupremia,attending,,E61.0,false
DX.ZINC_TOXICITY,Zinc toxicity,toxicology,excess zinc intake|zinc induced copper deficiency|zinc overload,attending,,T56.5,false
DX.VITAMIN_B6_DEFICIENCY,Vitamin B6 deficiency,metabolic,pyridoxine deficiency|pyridoxal phosphate deficiency|B6 deficiency,attending,,E53.1,false
DX.THIAMINE_DEFICIENCY,Thiamine deficiency,metabolic,beriberi|vitamin B1 deficiency|Wernicke encephalopathy,attending,,E51.9,false
DX.SCURVY,Scurvy,metabolic,vitamin C deficiency|ascorbic acid deficiency|scorbutus,attending,,E54,false
DX.VITAMIN_D_DEFICIENCY,Vitamin D deficiency,metabolic,hypovitaminosis D|osteomalacia|low vitamin D,attending,,E55.9,false
DX.HYPONATRAEMIA,Hyponatraemia,metabolic,hyponatremia|low sodium|SIADH-related hyponatraemia,attending,,E87.1,false
DX.SIADH,Syndrome of inappropriate antidiuretic hormone secretion,endocrine,SIADH|SIAD|inappropriate ADH secretion,attending,,E22.2,false
DX.HYPOKALAEMIA,Hypokalaemia,metabolic,hypokalemia|low potassium|potassium deficiency,attending,,E87.6,false
DX.HYPERKALAEMIA,Hyperkalaemia,metabolic,hyperkalemia|high potassium|raised potassium,attending,,E87.5,false
DX.HYPOMAGNESAEMIA,Hypomagnesaemia,metabolic,hypomagnesemia|low magnesium|magnesium deficiency,attending,,E83.4,false
DX.LACTIC_ACIDOSIS,Lactic acidosis,metabolic,type A lactic acidosis|hyperlactataemia|lactic acidemia,attending,,E87.2,false
DX.TUMOUR_LYSIS_SYNDROME,Tumour lysis syndrome,oncology,TLS|tumor lysis syndrome|cytolysis syndrome,attending,,E88.3,false
DX.FALCIPARUM_MALARIA,Plasmodium falciparum malaria,infection,falciparum malaria|malignant tertian malaria|Pf malaria,attending,1F40,B50.9,false
DX.SEVERE_MALARIA,Severe falciparum malaria,infection,cerebral malaria|complicated malaria|severe Pf malaria,attending,,B50.0,false
DX.VIVAX_MALARIA,Plasmodium vivax malaria,infection,vivax malaria|benign tertian malaria|Pv malaria,attending,,B51.9,false
DX.MIXED_MALARIA,Mixed malaria infection,infection,mixed Pf Pv infection|mixed plasmodial infection|mixed species malaria,attending,,B53.8,false
DX.KNOWLESI_MALARIA,Plasmodium knowlesi malaria,infection,knowlesi malaria|simian malaria|Pk malaria,attending,,B53.1,false
DX.DENGUE,Dengue fever,infection,dengue|breakbone fever|DF|dengue without warning signs,attending,,A97.0,false
DX.SEVERE_DENGUE,Severe dengue,infection,dengue haemorrhagic fever|DHF|dengue shock syndrome|DSS,attending,,A97.2,false
DX.CHIKUNGUNYA,Chikungunya,infection,chikungunya fever|CHIKV infection|chikungunya arthritis,attending,,A92.0,false
DX.TYPHOID_FEVER,Typhoid fever,infection,enteric fever|Salmonella Typhi infection|typhoid,attending,1A07,A01.0,false
DX.PARATYPHOID_FEVER,Paratyphoid fever,infection,enteric fever paratyphi|Salmonella Paratyphi infection|paratyphoid,attending,,A01.4,false
DX.SCRUB_TYPHUS,Scrub typhus,infection,tsutsugamushi disease|Orientia tsutsugamushi infection|chigger-borne rickettsiosis,attending,,A75.3,false
DX.SPOTTED_FEVER,Spotted fever rickettsiosis,infection,Indian tick typhus|rickettsial spotted fever|tick-borne rickettsiosis,attending,,A77.9,false
DX.LEPTOSPIROSIS,Leptospirosis,infection,Weil disease|leptospiral infection|rat fever,attending,,A27.9,false
DX.BRUCELLOSIS,Brucellosis,infection,Malta fever|undulant fever|Brucella infection,attending,,A23.9,false
DX.MELIOIDOSIS,Melioidosis,infection,Burkholderia pseudomallei infection|Whitmore disease|Nightcliff gardener's disease,attending,,A24.4,false
DX.KALA_AZAR,Visceral leishmaniasis,infection,kala-azar|VL|black fever|Leishmania donovani infection,attending,,B55.0,false
DX.PULMONARY_TB,Pulmonary tuberculosis,infection,pulmonary TB|PTB|lung tuberculosis|Koch's chest,attending,1B10,A15.0,false
DX.TB_LYMPHADENITIS,Tuberculous lymphadenitis,infection,TB lymphadenitis|scrofula|lymph node TB,attending,,A18.2,false
DX.TB_PLEURAL,Tuberculous pleural effusion,infection,TB pleurisy|tuberculous pleurisy|TB effusion,attending,,A15.6,false
DX.TB_ABDOMINAL,Abdominal tuberculosis,infection,intestinal TB|TB peritonitis|abdominal Koch's,attending,,A18.3,false
DX.TB_MENINGITIS,Tuberculous meningitis,infection,TBM|TB meningitis|meningeal tuberculosis,attending,,A17.0,false
DX.MILIARY_TB,Miliary tuberculosis,infection,disseminated TB|miliary TB|military tuberculosis,attending,,A19.9,false
DX.SPINAL_TB,Tuberculosis of spine,infection,Pott disease|spinal TB|tuberculous spondylitis,attending,,A18.0,false
DX.DRUG_RESISTANT_TB,Multidrug-resistant tuberculosis,infection,MDR-TB|drug resistant TB|rifampicin resistant TB,attending,,U84.3,false
DX.LATENT_TB,Latent tuberculosis infection,infection,LTBI|latent TB|TB infection without disease,attending,,Z22.7,false
DX.HIV_INFECTION,HIV infection,infection,HIV|human immunodeficiency virus infection|HIV positive,attending,,B24,false
DX.ADVANCED_HIV,Advanced HIV disease,infection,AIDS|acquired immunodeficiency syndrome|HIV disease with opportunistic infection,attending,,B20,false
DX.PCP,Pneumocystis pneumonia,infection,PCP|PJP|Pneumocystis jirovecii pneumonia,attending,,B59,false
DX.CRYPTOCOCCAL_MENINGITIS,Cryptococcal meningitis,infection,cryptococcosis|cryptococcal meningoencephalitis|CM,attending,,B45.1,false
DX.TOXOPLASMOSIS,Cerebral toxoplasmosis,infection,toxoplasma encephalitis|CNS toxoplasmosis|toxo,attending,,B58.2,false
DX.HEPATITIS_A,Acute hepatitis A,infection,HAV|infectious hepatitis|hepatitis A virus infection,attending,,B15.9,false
DX.HEPATITIS_B_ACUTE,Acute hepatitis B,infection,acute HBV|hepatitis B virus infection|serum hepatitis,attending,,B16.9,false
DX.HEPATITIS_B_CHRONIC,Chronic hepatitis B,infection,CHB|chronic HBV|HBsAg positive chronic hepatitis,attending,,B18.1,false
DX.HEPATITIS_C,Chronic hepatitis C,infection,HCV|chronic HCV|hepatitis C virus infection,attending,,B18.2,false
DX.HEPATITIS_D,Hepatitis D,infection,HDV|delta hepatitis|hepatitis delta,attending,,B17.0,false
DX.HEPATITIS_E,Acute hepatitis E,infection,HEV|hepatitis E virus infection|enterically transmitted non-A non-B hepatitis,attending,,B17.2,false
DX.PARVOVIRUS_B19,Parvovirus B19 infection,infection,erythema infectiosum|fifth disease|B19 infection|slapped cheek,attending,,B34.3,false
DX.CMV_INFECTION,Cytomegalovirus infection,infection,CMV|CMV disease|cytomegalovirus mononucleosis,attending,,B25.9,false
DX.EBV_INFECTION,Infectious mononucleosis,infection,glandular fever|EBV infection|Epstein-Barr virus infection|mono,attending,,B27.0,false
DX.MYCOPLASMA_PNEUMONIA,Mycoplasma pneumoniae infection,infection,Mycoplasma pneumonia|atypical pneumonia|walking pneumonia,attending,,J15.7,false
DX.COVID19,COVID-19,infection,SARS-CoV-2 infection|coronavirus disease 2019|covid,attending,,U07.1,false
DX.INFLUENZA,Influenza,infection,flu|influenza A|seasonal influenza,attending,,J11.1,false
DX.SEPSIS,Sepsis,infection,septicaemia|septicemia|bacteraemia with organ dysfunction,attending,1G40,A41.9,false
DX.SEPTIC_SHOCK,Septic shock,infection,severe sepsis with shock|distributive shock|vasoplegic shock,attending,,R57.2,false
DX.INFECTIVE_ENDOCARDITIS,Infective endocarditis,infection,IE|bacterial endocarditis|SBE,attending,,I33.0,false
DX.RHEUMATIC_HEART_DISEASE,Rheumatic heart disease,cardiology,RHD|rheumatic valvular disease|rheumatic mitral stenosis,attending,,I09.9,false
DX.UTI,Urinary tract infection,infection,UTI|cystitis|bladder infection,attending,,N39.0,false
DX.PYELONEPHRITIS,Acute pyelonephritis,renal,pyelonephritis|kidney infection|upper UTI,attending,,N10,false
DX.COMMUNITY_ACQUIRED_PNEUMONIA,Community-acquired pneumonia,respiratory,CAP|pneumonia|chest infection|lobar pneumonia,attending,CA40,J18.9,false
DX.ASPIRATION_PNEUMONIA,Aspiration pneumonia,respiratory,aspiration pneumonitis|inhalation pneumonia|Mendelson syndrome,attending,,J69.0,false
DX.LUNG_ABSCESS,Lung abscess,respiratory,pulmonary abscess|abscess of lung|cavitating pneumonia,attending,,J85.2,false
DX.EMPYEMA,Empyema thoracis,respiratory,pleural empyema|pyothorax|infected pleural effusion,attending,,J86.9,false
DX.BACTERIAL_MENINGITIS,Bacterial meningitis,infection,pyogenic meningitis|acute bacterial meningitis|meningococcal meningitis,attending,,G00.9,false
DX.VIRAL_MENINGITIS,Viral meningitis,infection,aseptic meningitis|viral meningitis syndrome|lymphocytic meningitis,attending,,A87.9,false
DX.LIVER_ABSCESS_AMOEBIC,Amoebic liver abscess,infection,ALA|amebic liver abscess|hepatic amoebiasis,attending,,A06.4,false
DX.LIVER_ABSCESS_PYOGENIC,Pyogenic liver abscess,infection,PLA|bacterial liver abscess|hepatic abscess,attending,,K75.0,false
DX.AMOEBIC_DYSENTERY,Amoebic dysentery,infection,intestinal amoebiasis|amebic colitis|Entamoeba histolytica infection,attending,,A06.0,false
DX.HOOKWORM_INFECTION,Hookworm infection,infection,ancylostomiasis|hookworm disease|necatoriasis,attending,,B76.9,false
DX.GIARDIASIS,Giardiasis,infection,Giardia infection|lambliasis|beaver fever,attending,,A07.1,false
DX.CLOSTRIDIOIDES_DIFFICILE,Clostridioides difficile infection,infection,C diff|CDI|pseudomembranous colitis,attending,,A04.7,false
DX.CELLULITIS,Cellulitis,infection,skin and soft tissue infection|SSTI|erysipelas,attending,,L03.9,false
DX.INFECTIOUS_DIARRHOEA,Acute infectious gastroenteritis,infection,gastroenteritis|infectious diarrhea|acute diarrhoeal disease,attending,,A09,false
DX.PEPTIC_ULCER,Peptic ulcer disease,gastroenterology,PUD|peptic ulcer|stomach ulcer|duodenal ulcer,attending,,K27.9,false
DX.BLEEDING_PEPTIC_ULCER,Bleeding peptic ulcer,gastroenterology,haemorrhagic peptic ulcer|peptic ulcer with haemorrhage|bleeding ulcer,attending,,K27.4,false
DX.H_PYLORI_GASTRITIS,Helicobacter pylori gastritis,gastroenterology,H pylori infection|HP gastritis|Helicobacter infection,attending,,K29.7,false
DX.UPPER_GI_BLEED,Upper gastrointestinal haemorrhage,gastroenterology,UGIB|upper GI bleed|haematemesis|upper gastrointestinal hemorrhage,attending,,K92.2,false
DX.LOWER_GI_BLEED,Lower gastrointestinal haemorrhage,gastroenterology,LGIB|lower GI bleed|rectal bleeding|haematochezia,attending,,K92.2,false
DX.VARICEAL_BLEED,Oesophageal variceal haemorrhage,hepatology,variceal bleed|esophageal varices with bleeding|bleeding varices,attending,,I85.1,false
DX.ANGIODYSPLASIA,Angiodysplasia of the gastrointestinal tract,gastroenterology,vascular ectasia|AVM of colon|GI angiodysplasia,attending,,K55.2,false
DX.GORD,Gastro-oesophageal reflux disease,gastroenterology,GERD|GORD|acid reflux|reflux oesophagitis,attending,,K21.9,false
DX.BARRETT_OESOPHAGUS,Barrett oesophagus,gastroenterology,Barrett's esophagus|columnar lined oesophagus|BO,attending,,K22.7,false
DX.ACHALASIA,Achalasia,gastroenterology,achalasia cardia|oesophageal achalasia|cardiospasm,attending,,K22.0,false
DX.COELIAC_DISEASE,Coeliac disease,gastroenterology,celiac disease|gluten enteropathy|coeliac sprue|CD,attending,DA95,K90.0,false
DX.TROPICAL_SPRUE,Tropical sprue,gastroenterology,tropical malabsorption|tropical enteropathy|post infective malabsorption,attending,,K90.1,false
DX.CROHN_DISEASE,Crohn disease,gastroenterology,Crohn's disease|CD|regional enteritis|IBD Crohn,attending,DD70,K50.9,false
DX.ULCERATIVE_COLITIS,Ulcerative colitis,gastroenterology,UC|IBD colitis|proctocolitis,attending,DD71,K51.9,false
DX.MICROSCOPIC_COLITIS,Microscopic colitis,gastroenterology,collagenous colitis|lymphocytic colitis|MC,attending,,K52.8,false
DX.IBS,Irritable bowel syndrome,gastroenterology,IBS|spastic colon|functional bowel disorder,attending,,K58.9,false
DX.FUNCTIONAL_DYSPEPSIA,Functional dyspepsia,gastroenterology,non-ulcer dyspepsia|NUD|indigestion,attending,,K30,false
DX.ACUTE_PANCREATITIS,Acute pancreatitis,gastroenterology,AP|pancreatitis|acute pancreatic inflammation,attending,DC31,K85.9,false
DX.CHRONIC_PANCREATITIS,Chronic pancreatitis,gastroenterology,CP|chronic calcific pancreatitis|tropical pancreatitis,attending,DC32,K86.1,false
DX.ALCOHOLIC_PANCREATITIS,Alcohol-induced acute pancreatitis,gastroenterology,alcoholic pancreatitis|ethanol pancreatitis|alcohol related pancreatitis,attending,,K85.2,false
DX.GALLSTONES,Cholelithiasis,hepatology,gallstones|gall bladder stones|biliary calculi,attending,,K80.2,false
DX.ACUTE_CHOLECYSTITIS,Acute cholecystitis,hepatology,cholecystitis|inflamed gallbladder|calculous cholecystitis,attending,,K81.0,false
DX.CHOLEDOCHOLITHIASIS,Choledocholithiasis,hepatology,CBD stones|common bile duct stones|bile duct calculi,attending,,K80.5,false
DX.ACUTE_CHOLANGITIS,Acute cholangitis,hepatology,ascending cholangitis|biliary sepsis|Charcot triad cholangitis,attending,,K83.0,false
DX.PSC,Primary sclerosing cholangitis,hepatology,PSC|sclerosing cholangitis|fibrosing cholangitis,attending,,K83.0,false
DX.PBC,Primary biliary cholangitis,hepatology,PBC|primary biliary cirrhosis|autoimmune cholangiopathy,attending,,K74.3,false
DX.MESENTERIC_ISCHAEMIA,Acute mesenteric ischaemia,gastroenterology,mesenteric ischemia|bowel ischaemia|intestinal ischaemia,attending,,K55.0,false
DX.ISCHAEMIC_COLITIS,Ischaemic colitis,gastroenterology,ischemic colitis|colonic ischaemia|colon ischaemia,attending,,K55.9,false
DX.SMALL_BOWEL_OBSTRUCTION,Intestinal obstruction,gastroenterology,bowel obstruction|SBO|intestinal ileus,attending,,K56.6,false
DX.APPENDICITIS,Acute appendicitis,gastroenterology,appendicitis|inflamed appendix|acute appendix,attending,,K35.8,false
DX.DIVERTICULITIS,Diverticulitis,gastroenterology,diverticular disease|colonic diverticulitis|sigmoid diverticulitis,attending,,K57.3,false
DX.CONSTIPATION,Chronic constipation,gastroenterology,constipation|obstipation|functional constipation,attending,,K59.0,false
DX.PERIODIC_ABDOMINAL_PAIN,Nonspecific abdominal pain,gastroenterology,NSAP|abdominal pain unspecified|functional abdominal pain,attending,,R10.4,false
DX.CIRRHOSIS,Cirrhosis of liver,hepatology,liver cirrhosis|chronic liver disease|CLD|hepatic fibrosis,attending,,K74.6,false
DX.ALCOHOLIC_LIVER_DISEASE,Alcohol-related liver disease,hepatology,ALD|alcoholic liver disease|alcoholic cirrhosis,attending,,K70.3,false
DX.ALCOHOLIC_HEPATITIS,Alcoholic hepatitis,hepatology,alcohol-related hepatitis|AH|acute alcoholic hepatitis,attending,,K70.1,false
DX.MASLD,Metabolic dysfunction-associated steatotic liver disease,hepatology,MASLD|NAFLD|fatty liver|non alcoholic fatty liver disease,attending,,K76.0,false
DX.MASH,Metabolic dysfunction-associated steatohepatitis,hepatology,MASH|NASH|non alcoholic steatohepatitis,attending,,K75.8,false
DX.AUTOIMMUNE_HEPATITIS,Autoimmune hepatitis,hepatology,AIH|lupoid hepatitis|autoimmune chronic hepatitis,attending,,K75.4,false
DX.DRUG_INDUCED_LIVER_INJURY,Drug-induced liver injury,drug-related,DILI|drug hepatotoxicity|toxic hepatitis|ATT hepatitis,attending,,K71.9,false
DX.ACUTE_LIVER_FAILURE,Acute liver failure,hepatology,ALF|fulminant hepatic failure|acute hepatic failure,attending,,K72.0,false
DX.HEPATIC_ENCEPHALOPATHY,Hepatic encephalopathy,hepatology,HE|portosystemic encephalopathy|hepatic coma,attending,,K72.9,false
DX.PORTAL_HYPERTENSION,Portal hypertension,hepatology,PHT|raised portal pressure|portal hypertensive syndrome,attending,,K76.6,false
DX.ASCITES_SBP,Spontaneous bacterial peritonitis,hepatology,SBP|ascitic fluid infection|primary peritonitis,attending,,K65.8,false
DX.HEPATORENAL_SYNDROME,Hepatorenal syndrome,hepatology,HRS|HRS-AKI|hepatorenal failure,attending,,K76.7,false
DX.GILBERT_SYNDROME,Gilbert syndrome,hepatology,Gilbert's syndrome|familial nonhaemolytic hyperbilirubinaemia|constitutional hepatic dysfunction,attending,,E80.4,false
DX.HEPATOCELLULAR_CARCINOMA,Hepatocellular carcinoma,oncology,HCC|hepatoma|primary liver cancer,attending,,C22.0,false
DX.CHOLANGIOCARCINOMA,Cholangiocarcinoma,oncology,bile duct cancer|biliary tract cancer|Klatskin tumour,attending,,C22.1,false
DX.GALLBLADDER_CANCER,Gallbladder carcinoma,oncology,carcinoma gallbladder|GBC|gall bladder cancer,attending,,C23,false
DX.PANCREATIC_CANCER,Pancreatic adenocarcinoma,oncology,pancreatic cancer|carcinoma pancreas|PDAC,attending,,C25.9,false
DX.GASTRIC_CANCER,Gastric carcinoma,oncology,stomach cancer|carcinoma stomach|gastric adenocarcinoma,attending,,C16.9,false
DX.OESOPHAGEAL_CANCER,Oesophageal carcinoma,oncology,esophageal cancer|carcinoma oesophagus|food pipe cancer,attending,,C15.9,false
DX.COLORECTAL_CANCER,Colorectal carcinoma,oncology,CRC|bowel cancer|colon cancer|rectal cancer,attending,,C18.9,false
DX.LUNG_CANCER,Carcinoma of the lung,oncology,lung cancer|bronchogenic carcinoma|NSCLC|SCLC,attending,,C34.9,false
DX.BREAST_CANCER,Breast carcinoma,oncology,breast cancer|carcinoma breast|CA breast,attending,,C50.9,false
DX.PROSTATE_CANCER,Prostate carcinoma,oncology,prostate cancer|carcinoma prostate|CA prostate,attending,,C61,false
DX.RENAL_CELL_CARCINOMA,Renal cell carcinoma,oncology,RCC|kidney cancer|hypernephroma,attending,,C64,false
DX.OVARIAN_CANCER,Ovarian carcinoma,oncology,ovarian cancer|carcinoma ovary|CA ovary,attending,,C56,false
DX.CERVICAL_CANCER,Cervical carcinoma,oncology,cervical cancer|carcinoma cervix|CA cervix,attending,,C53.9,false
DX.ORAL_CANCER,Oral cavity carcinoma,oncology,mouth cancer|oral squamous cell carcinoma|OSCC,attending,,C06.9,false
DX.METASTATIC_CANCER_UNKNOWN_PRIMARY,Metastatic carcinoma of unknown primary,oncology,CUP|cancer of unknown primary|disseminated malignancy,attending,,C80.0,false
DX.BONE_MARROW_INFILTRATION,Bone marrow infiltration by metastatic carcinoma,oncology,marrow metastases|myelophthisis|leucoerythroblastic anaemia,attending,,C79.5,false
DX.PARANEOPLASTIC_SYNDROME,Paraneoplastic neurological syndrome,oncology,paraneoplastic syndrome|PNS|onconeural antibody syndrome,attending,,G13.0,false
DX.AKI,Acute kidney injury,renal,AKI|acute renal failure|ARF,attending,GB60,N17.9,false
DX.ACUTE_TUBULAR_NECROSIS,Acute tubular necrosis,renal,ATN|tubular necrosis|ischaemic ATN,attending,,N17.0,false
DX.PIGMENT_NEPHROPATHY,Pigment nephropathy,renal,haem pigment nephropathy|myoglobinuric AKI|haemoglobinuric AKI,attending,,N17.0,false
DX.ACUTE_INTERSTITIAL_NEPHRITIS,Acute interstitial nephritis,renal,AIN|tubulointerstitial nephritis|drug induced interstitial nephritis,attending,,N10,false
DX.CKD,Chronic kidney disease,renal,CKD|chronic renal failure|CRF|chronic kidney failure,attending,GB61,N18.9,false
DX.ESKD,End-stage kidney disease,renal,ESRD|end stage renal disease|CKD stage 5,attending,,N18.5,false
DX.DIABETIC_NEPHROPATHY,Diabetic kidney disease,renal,DKD|diabetic nephropathy|Kimmelstiel-Wilson disease,attending,,E11.2,false
DX.HYPERTENSIVE_NEPHROPATHY,Hypertensive nephrosclerosis,renal,hypertensive nephropathy|hypertensive kidney disease|benign nephrosclerosis,attending,,I12.9,false
DX.NEPHROTIC_SYNDROME,Nephrotic syndrome,renal,nephrosis|nephrotic range proteinuria|NS,attending,,N04.9,false
DX.MINIMAL_CHANGE_DISEASE,Minimal change disease,renal,MCD|lipoid nephrosis|nil disease,attending,,N04.0,false
DX.FSGS,Focal segmental glomerulosclerosis,renal,FSGS|focal sclerosis|focal glomerulosclerosis,attending,,N04.1,false
DX.MEMBRANOUS_NEPHROPATHY,Membranous nephropathy,renal,MN|membranous glomerulonephritis|PLA2R nephropathy,attending,,N04.2,false
DX.NEPHRITIC_SYNDROME,Acute nephritic syndrome,renal,nephritic syndrome|acute glomerulonephritis|AGN,attending,,N00.9,false
DX.POST_INFECTIOUS_GN,Post-infectious glomerulonephritis,renal,PIGN|post streptococcal glomerulonephritis|PSGN,attending,,N00.9,false
DX.IGA_NEPHROPATHY,IgA nephropathy,renal,IgAN|Berger disease|IgA glomerulonephritis,attending,,N02.8,false
DX.RPGN,Rapidly progressive glomerulonephritis,renal,RPGN|crescentic glomerulonephritis|crescentic GN,attending,,N01.9,false
DX.ANTI_GBM_DISEASE,Anti-glomerular basement membrane disease,renal,anti-GBM disease|Goodpasture syndrome|Goodpasture disease,attending,,M31.0,false
DX.LUPUS_NEPHRITIS,Lupus nephritis,renal,LN|SLE nephritis|lupus glomerulonephritis,attending,,M32.1,false
DX.CAST_NEPHROPATHY,Myeloma cast nephropathy,renal,myeloma kidney|light chain cast nephropathy|cast nephropathy,attending,,N16.1,false
DX.RTA_DISTAL,Distal renal tubular acidosis,renal,type 1 RTA|dRTA|classic distal RTA,attending,,N25.8,false
DX.RTA_PROXIMAL,Proximal renal tubular acidosis,renal,type 2 RTA|pRTA|Fanconi syndrome,attending,,N25.8,false
DX.RTA_TYPE4,Type 4 renal tubular acidosis,renal,hyperkalaemic RTA|hyporeninaemic hypoaldosteronism|type IV RTA,attending,,N25.8,false
DX.RENAL_STONES,Nephrolithiasis,renal,kidney stones|renal calculi|urolithiasis,attending,,N20.0,false
DX.POLYCYSTIC_KIDNEY_DISEASE,Autosomal dominant polycystic kidney disease,renal,ADPKD|polycystic kidneys|PKD,attending,,Q61.2,false
DX.RHABDOMYOLYSIS,Rhabdomyolysis,neuromuscular,rhabdo|muscle breakdown|crush syndrome,attending,,M62.8,false
DX.SLE,Systemic lupus erythematosus,rheumatology,SLE|lupus|systemic lupus,attending,4A40.0,M32.9,false
DX.RHEUMATOID_ARTHRITIS,Rheumatoid arthritis,rheumatology,RA|rheumatoid disease|inflammatory polyarthritis,attending,,M06.9,false
DX.SJOGREN_SYNDROME,Sjogren syndrome,rheumatology,Sjogren's syndrome|sicca syndrome|primary Sjogren,attending,,M35.0,false
DX.SYSTEMIC_SCLEROSIS,Systemic sclerosis,rheumatology,SSc|scleroderma|CREST syndrome,attending,,M34.9,false
DX.MCTD,Mixed connective tissue disease,rheumatology,MCTD|overlap syndrome|Sharp syndrome,attending,,M35.1,false
DX.GIANT_CELL_ARTERITIS,Giant cell arteritis,rheumatology,GCA|temporal arteritis|Horton disease,attending,,M31.6,false
DX.TAKAYASU_ARTERITIS,Takayasu arteritis,rheumatology,pulseless disease|aortoarteritis|Takayasu's disease,attending,,M31.4,false
DX.POLYARTERITIS_NODOSA,Polyarteritis nodosa,rheumatology,PAN|periarteritis nodosa|necrotising arteritis,attending,,M30.0,false
DX.GPA,Granulomatosis with polyangiitis,rheumatology,GPA|Wegener granulomatosis|ANCA vasculitis,attending,,M31.3,false
DX.MPA,Microscopic polyangiitis,rheumatology,MPA|microscopic polyarteritis|MPO-ANCA vasculitis,attending,,M31.7,false
DX.EGPA,Eosinophilic granulomatosis with polyangiitis,rheumatology,EGPA|Churg-Strauss syndrome|allergic granulomatosis,attending,,M30.1,false
DX.IGA_VASCULITIS,IgA vasculitis,rheumatology,Henoch-Schonlein purpura|HSP|IgAV,attending,,D69.0,false
DX.CRYOGLOBULINAEMIC_VASCULITIS,Cryoglobulinaemic vasculitis,rheumatology,cryoglobulinemia|mixed cryoglobulinaemia|cryoglobulinemic vasculitis,attending,,D89.1,false
DX.BEHCET_DISEASE,Behcet disease,rheumatology,Behcet's syndrome|BD|oculo-oral-genital syndrome,attending,,M35.2,false
DX.DERMATOMYOSITIS,Dermatomyositis,neuromuscular,DM|inflammatory myopathy with rash|dermatomyositis syndrome,attending,,M33.1,false
DX.POLYMYOSITIS,Polymyositis,neuromuscular,PM|idiopathic inflammatory myopathy|polymyositis syndrome,attending,,M33.2,false
DX.INCLUSION_BODY_MYOSITIS,Inclusion body myositis,neuromuscular,IBM|sporadic inclusion body myositis|sIBM,attending,,G72.4,false
DX.IMNM,Immune-mediated necrotising myopathy,neuromuscular,IMNM|necrotizing autoimmune myopathy|statin associated autoimmune myopathy|HMGCR myopathy,attending,,G72.4,false
DX.ANTISYNTHETASE_SYNDROME,Antisynthetase syndrome,neuromuscular,ASS|anti-Jo-1 syndrome|antisynthetase myositis,attending,,M33.2,false
DX.STATIN_MYOPATHY,Statin-induced myopathy,drug-related,statin myalgia|drug induced myopathy|statin myotoxicity,attending,,G72.0,false
DX.HYPOTHYROID_MYOPATHY,Hypothyroid myopathy,neuromuscular,myxoedema myopathy|hypothyroid muscle disease|Hoffmann syndrome,attending,,G73.5,false
DX.MUSCULAR_DYSTROPHY,Muscular dystrophy,neuromuscular,limb girdle muscular dystrophy|LGMD|myotonic dystrophy,attending,,G71.0,false
DX.POLYMYALGIA_RHEUMATICA,Polymyalgia rheumatica,rheumatology,PMR|polymyalgia|senile rheumatic gout,attending,,M35.3,false
DX.GOUT,Gout,rheumatology,gouty arthritis|podagra|urate arthropathy,attending,,M10.9,false
DX.PSEUDOGOUT,Calcium pyrophosphate deposition disease,rheumatology,CPPD|pseudogout|chondrocalcinosis,attending,,M11.2,false
DX.REACTIVE_ARTHRITIS,Reactive arthritis,rheumatology,ReA|Reiter syndrome|post infectious arthritis,attending,,M02.9,false
DX.ANKYLOSING_SPONDYLITIS,Ankylosing spondylitis,rheumatology,AS|axial spondyloarthritis|axSpA,attending,,M45,false
DX.PSORIATIC_ARTHRITIS,Psoriatic arthritis,rheumatology,PsA|psoriatic arthropathy|psoriasis arthritis,attending,,L40.5,false
DX.SEPTIC_ARTHRITIS,Septic arthritis,infection,infective arthritis|pyogenic arthritis|joint infection,attending,,M00.9,false
DX.OSTEOARTHRITIS,Osteoarthritis,rheumatology,OA|degenerative joint disease|osteoarthrosis,attending,,M19.9,false
DX.ADULT_ONSET_STILL,Adult-onset Still disease,rheumatology,AOSD|Still's disease|systemic onset arthritis in adults,attending,,M06.1,false
DX.SARCOIDOSIS,Sarcoidosis,rheumatology,sarcoid|Besnier-Boeck-Schaumann disease|granulomatous disease,attending,4B20,D86.9,false
DX.IGG4_RELATED_DISEASE,IgG4-related disease,rheumatology,IgG4-RD|IgG4 related sclerosing disease|autoimmune pancreatitis type 1,attending,,D89.8,false
DX.FIBROMYALGIA,Fibromyalgia,rheumatology,fibromyalgia syndrome|FMS|chronic widespread pain,attending,,M79.7,false
DX.MYASTHENIA_GRAVIS,Myasthenia gravis,neuromuscular,MG|myasthenia|autoimmune myasthenia,attending,8C60,G70.0,false
DX.LEMS,Lambert-Eaton myasthenic syndrome,neuromuscular,LEMS|Lambert Eaton syndrome|myasthenic syndrome,attending,,G73.1,false
DX.GBS,Guillain-Barre syndrome,neuromuscular,GBS|AIDP|acute inflammatory demyelinating polyneuropathy|Landry paralysis,attending,,G61.0,false
DX.CIDP,Chronic inflammatory demyelinating polyneuropathy,neuromuscular,CIDP|chronic inflammatory demyelinating polyradiculoneuropathy|chronic GBS,attending,,G61.8,false
DX.MOTOR_NEURON_DISEASE,Motor neuron disease,neuromuscular,MND|amyotrophic lateral sclerosis|ALS|Lou Gehrig disease,attending,,G12.2,false
DX.MULTIFOCAL_MOTOR_NEUROPATHY,Multifocal motor neuropathy,neuromuscular,MMN|multifocal motor neuropathy with conduction block|anti-GM1 neuropathy,attending,,G61.8,false
DX.PERIPHERAL_NEUROPATHY,"Peripheral neuropathy, unspecified",neuromuscular,polyneuropathy|peripheral nerve disease|neuropathy,attending,,G62.9,false
DX.DIABETIC_NEUROPATHY,Diabetic peripheral neuropathy,neuromuscular,diabetic polyneuropathy|DPN|diabetic neuropathy,attending,,E11.4,false
DX.TOXIC_NEUROPATHY,Toxic neuropathy,toxicology,heavy metal neuropathy|toxic polyneuropathy|neurotoxic neuropathy,attending,,G62.2,false
DX.DRUG_INDUCED_NEUROPATHY,Drug-induced peripheral neuropathy,drug-related,drug induced polyneuropathy|chemotherapy induced neuropathy|isoniazid neuropathy,attending,,G62.0,false
DX.ALCOHOLIC_NEUROPATHY,Alcoholic polyneuropathy,neuromuscular,alcohol related neuropathy|alcoholic neuropathy|nutritional neuropathy,attending,,G62.1,false
DX.VASCULITIC_NEUROPATHY,Vasculitic neuropathy,neuromuscular,mononeuritis multiplex|vasculitic mononeuropathy|ischaemic neuropathy,attending,,G63.5,false
DX.LEPROSY,Leprosy,infection,Hansen disease|leprous neuropathy|Mycobacterium leprae infection,attending,,A30.9,false
DX.SUBACUTE_COMBINED_DEGENERATION,Subacute combined degeneration of the spinal cord,neurology,SACD|SCD of cord|B12 myelopathy,attending,,E53.8,false
DX.COPPER_DEFICIENCY_MYELOPATHY,Copper deficiency myelopathy,neurology,copper deficiency myeloneuropathy|hypocupric myelopathy|CDM,attending,,E61.0,false
DX.TRANSVERSE_MYELITIS,Transverse myelitis,neurology,TM|acute myelitis|acute transverse myelopathy,attending,,G37.3,false
DX.CORD_COMPRESSION,Spinal cord compression,neurology,compressive myelopathy|metastatic cord compression|MSCC,attending,,G95.2,false
DX.MULTIPLE_SCLEROSIS,Multiple sclerosis,neurology,MS|disseminated sclerosis|demyelinating disease,attending,,G35,false
DX.NMOSD,Neuromyelitis optica spectrum disorder,neurology,NMOSD|Devic disease|aquaporin-4 antibody disease,attending,,G36.0,false
DX.ISCHAEMIC_STROKE,Ischaemic stroke,neurology,cerebral infarction|ischemic stroke|CVA|brain attack,attending,,I63.9,false
DX.TIA,Transient ischaemic attack,neurology,TIA|mini-stroke|transient ischemic attack,attending,,G45.9,false
DX.INTRACEREBRAL_HAEMORRHAGE,Intracerebral haemorrhage,neurology,ICH|haemorrhagic stroke|intracerebral hemorrhage|brain bleed,attending,,I61.9,false
DX.SUBARACHNOID_HAEMORRHAGE,Subarachnoid haemorrhage,neurology,SAH|subarachnoid hemorrhage|ruptured aneurysm,attending,,I60.9,false
DX.SUBDURAL_HAEMATOMA,Subdural haematoma,neurology,SDH|subdural hematoma|chronic subdural,attending,,I62.0,false
DX.EPILEPSY,Epilepsy,neurology,seizure disorder|epileptic seizures|fits,attending,,G40.9,false
DX.STATUS_EPILEPTICUS,Status epilepticus,neurology,SE|prolonged seizure|continuous seizures,attending,,G41.9,false
DX.PROVOKED_SEIZURE,Acute symptomatic seizure,neurology,provoked seizure|reactive seizure|metabolic seizure,attending,,R56.8,false
DX.VIRAL_ENCEPHALITIS,Viral encephalitis,neurology,encephalitis|acute encephalitis syndrome|AES,attending,,A86,false
DX.HSV_ENCEPHALITIS,Herpes simplex encephalitis,neurology,HSE|HSV encephalitis|herpes encephalitis,attending,,B00.4,false
DX.JAPANESE_ENCEPHALITIS,Japanese encephalitis,infection,JE|Japanese B encephalitis|JEV infection,attending,,A83.0,false
DX.AUTOIMMUNE_ENCEPHALITIS,Autoimmune encephalitis,neurology,anti-NMDA receptor encephalitis|limbic encephalitis|AE,attending,,G04.8,false
DX.METABOLIC_ENCEPHALOPATHY,Metabolic encephalopathy,neurology,toxic metabolic encephalopathy|septic encephalopathy|acute confusional state,attending,,G93.4,false
DX.LEAD_ENCEPHALOPATHY,Lead encephalopathy,toxicology,toxic encephalopathy due to lead|lead induced encephalopathy|saturnine encephalopathy,attending,,G92,false
DX.WERNICKE_ENCEPHALOPATHY,Wernicke encephalopathy,neurology,WE|Wernicke-Korsakoff syndrome|thiamine deficiency encephalopathy,attending,,E51.2,false
DX.DELIRIUM,Delirium,psychiatry,acute confusional state|acute brain syndrome|delirium not induced by substances,attending,,F05.9,false
DX.DEMENTIA,Dementia,neurology,major neurocognitive disorder|Alzheimer disease|cognitive decline,attending,,F03,false
DX.PARKINSON_DISEASE,Parkinson disease,neurology,PD|Parkinson's disease|paralysis agitans,attending,,G20,false
DX.MIGRAINE,Migraine,neurology,migraine headache|hemicrania|sick headache,attending,,G43.9,false
DX.IDIOPATHIC_INTRACRANIAL_HYPERTENSION,Idiopathic intracranial hypertension,neurology,IIH|pseudotumour cerebri|benign intracranial hypertension,attending,,G93.2,false
DX.BRAIN_TUMOUR,Primary brain tumour,oncology,brain tumor|glioma|intracranial neoplasm,attending,,C71.9,false
DX.CNS_LYMPHOMA,Primary CNS lymphoma,oncology,PCNSL|cerebral lymphoma|primary central nervous system lymphoma,attending,,C83.3,false
DX.HYPOTHYROIDISM,Hypothyroidism,endocrine,underactive thyroid|myxoedema|hypothyroid,attending,5A00,E03.9,false
DX.HASHIMOTO_THYROIDITIS,Hashimoto thyroiditis,endocrine,autoimmune thyroiditis|chronic lymphocytic thyroiditis|Hashimoto's disease,attending,,E06.3,false
DX.HYPERTHYROIDISM,Hyperthyroidism,endocrine,thyrotoxicosis|overactive thyroid|hyperthyroid,attending,5A02,E05.9,false
DX.GRAVES_DISEASE,Graves disease,endocrine,Graves' disease|toxic diffuse goitre|Basedow disease,attending,,E05.0,false
DX.TOXIC_NODULAR_GOITRE,Toxic multinodular goitre,endocrine,TMNG|Plummer disease|toxic nodular goiter,attending,,E05.2,false
DX.SUBACUTE_THYROIDITIS,Subacute thyroiditis,endocrine,de Quervain thyroiditis|granulomatous thyroiditis|painful thyroiditis,attending,,E06.1,false
DX.TYPE1_DIABETES,Type 1 diabetes mellitus,endocrine,T1DM|insulin dependent diabetes|juvenile diabetes,attending,5A10,E10.9,false
DX.TYPE2_DIABETES,Type 2 diabetes mellitus,endocrine,T2DM|non insulin dependent diabetes|adult onset diabetes|sugar,attending,5A11,E11.9,false
DX.DKA,Diabetic ketoacidosis,endocrine,DKA|diabetic ketoacidotic crisis|ketoacidosis,attending,,E10.1,false
DX.HHS,Hyperosmolar hyperglycaemic state,endocrine,HHS|HONK|hyperosmolar hyperglycemic state,attending,,E11.0,false
DX.HYPOGLYCAEMIA,Hypoglycaemia,endocrine,hypoglycemia|low blood sugar|hypo,attending,,E16.2,false
DX.ADDISON_DISEASE,Primary adrenal insufficiency,endocrine,Addison disease|Addison's disease|primary hypoadrenalism,attending,,E27.1,false
DX.ADRENAL_CRISIS,Adrenal crisis,endocrine,Addisonian crisis|acute adrenal insufficiency|adrenal failure,attending,,E27.2,false
DX.CUSHING_SYNDROME,Cushing syndrome,endocrine,Cushing's syndrome|hypercortisolism|hypercortisolaemia,attending,,E24.9,false
DX.CUSHING_DISEASE,Cushing disease,endocrine,pituitary Cushing|ACTH-secreting pituitary adenoma|Cushing's disease,attending,,E24.0,false
DX.PRIMARY_HYPERALDOSTERONISM,Primary hyperaldosteronism,endocrine,Conn syndrome|primary aldosteronism|PA,attending,,E26.0,false
DX.PHAEOCHROMOCYTOMA,Phaeochromocytoma,endocrine,pheochromocytoma|PCC|adrenal medullary tumour,attending,,D35.0,false
DX.PRIMARY_HYPERPARATHYROIDISM,Primary hyperparathyroidism,endocrine,PHPT|hyperparathyroidism|parathyroid adenoma,attending,,E21.0,false
DX.SECONDARY_HYPERPARATHYROIDISM,Secondary hyperparathyroidism,endocrine,SHPT|renal hyperparathyroidism|secondary HPT,attending,,N25.8,false
DX.HYPOPARATHYROIDISM,Hypoparathyroidism,endocrine,hypoPT|low PTH|parathyroid insufficiency,attending,,E20.9,false
DX.HYPERCALCAEMIA_OF_MALIGNANCY,Hypercalcaemia of malignancy,oncology,HCM|malignant hypercalcemia|humoral hypercalcaemia of malignancy|PTHrP hypercalcaemia,attending,,E83.5,false
DX.HYPOPITUITARISM,Hypopituitarism,endocrine,pituitary insufficiency|panhypopituitarism|Sheehan syndrome,attending,,E23.0,false
DX.PROLACTINOMA,Prolactinoma,endocrine,prolactin-secreting adenoma|hyperprolactinaemia|lactotroph adenoma,attending,,D35.2,false
DX.ACROMEGALY,Acromegaly,endocrine,growth hormone excess|GH-secreting adenoma|somatotroph adenoma,attending,,E22.0,false
DX.DIABETES_INSIPIDUS,Diabetes insipidus,endocrine,DI|arginine vasopressin deficiency|AVP deficiency,attending,,E23.2,false
DX.OBESITY,Obesity,endocrine,morbid obesity|raised BMI|overweight,attending,,E66.9,false
DX.DYSLIPIDAEMIA,Dyslipidaemia,metabolic,hyperlipidemia|high cholesterol|hypercholesterolaemia,attending,,E78.5,false
DX.ACS_STEMI,ST-elevation myocardial infarction,cardiology,STEMI|heart attack|acute MI with ST elevation|acute coronary syndrome,attending,BA41,I21.3,false
DX.ACS_NSTEMI,Non-ST-elevation myocardial infarction,cardiology,NSTEMI|non ST elevation MI|NSTE-ACS,attending,,I21.4,false
DX.UNSTABLE_ANGINA,Unstable angina,cardiology,UA|crescendo angina|acute coronary insufficiency,attending,,I20.0,false
DX.STABLE_ANGINA,Stable angina,cardiology,chronic stable angina|angina pectoris|effort angina,attending,,I20.9,false
DX.TYPE2_MI,Type 2 myocardial infarction,cardiology,demand ischaemia|supply demand mismatch MI|T2MI,attending,,I21.9,false
DX.HEART_FAILURE_REDUCED_EF,Heart failure with reduced ejection fraction,cardiology,HFrEF|systolic heart failure|congestive cardiac failure|CCF,attending,,I50.2,false
DX.HEART_FAILURE_PRESERVED_EF,Heart failure with preserved ejection fraction,cardiology,HFpEF|diastolic heart failure|HF with normal EF,attending,,I50.3,false
DX.HIGH_OUTPUT_HEART_FAILURE,High-output heart failure,cardiology,high output cardiac failure|anaemic heart failure|hyperdynamic circulation,attending,,I50.9,false
DX.DILATED_CARDIOMYOPATHY,Dilated cardiomyopathy,cardiology,DCM|congestive cardiomyopathy|dilated heart,attending,,I42.0,false
DX.HYPERTROPHIC_CARDIOMYOPATHY,Hypertrophic cardiomyopathy,cardiology,HCM|HOCM|hypertrophic obstructive cardiomyopathy,attending,,I42.1,false
DX.CARDIAC_AMYLOIDOSIS,Cardiac amyloidosis,cardiology,amyloid cardiomyopathy|ATTR cardiomyopathy|infiltrative cardiomyopathy,attending,,E85.4,false
DX.MYOCARDITIS,Myocarditis,cardiology,acute myocarditis|viral myocarditis|inflammatory cardiomyopathy,attending,,I40.9,false
DX.PERICARDITIS,Acute pericarditis,cardiology,pericarditis|pericardial inflammation|viral pericarditis,attending,,I30.9,false
DX.PERICARDIAL_EFFUSION,Pericardial effusion,cardiology,cardiac tamponade|pericardial fluid|tamponade,attending,,I31.3,false
DX.ATRIAL_FIBRILLATION,Atrial fibrillation,cardiology,AF|AFib|irregularly irregular pulse,attending,BC81.3,I48.9,false
DX.ATRIAL_FLUTTER,Atrial flutter,cardiology,flutter|typical atrial flutter|AFL,attending,,I48.4,false
DX.SVT,Supraventricular tachycardia,cardiology,SVT|PSVT|AVNRT,attending,,I47.1,false
DX.VENTRICULAR_TACHYCARDIA,Ventricular tachycardia,cardiology,VT|broad complex tachycardia|ventricular tachyarrhythmia,attending,,I47.2,false
DX.COMPLETE_HEART_BLOCK,Complete heart block,cardiology,third degree AV block|CHB|complete AV block,attending,,I44.2,false
DX.AORTIC_STENOSIS,Aortic stenosis,cardiology,AS|aortic valve stenosis|calcific aortic stenosis,attending,,I35.0,false
DX.MITRAL_REGURGITATION,Mitral regurgitation,cardiology,MR|mitral incompetence|mitral insufficiency,attending,,I34.0,false
DX.HYPERTENSION,Essential hypertension,cardiology,high blood pressure|HTN|primary hypertension,attending,,I10,false
DX.HYPERTENSIVE_EMERGENCY,Hypertensive emergency,cardiology,malignant hypertension|hypertensive crisis|accelerated hypertension,attending,,I16.1,false
DX.AORTIC_DISSECTION,Aortic dissection,cardiology,dissecting aneurysm|acute aortic syndrome|type A dissection,attending,,I71.0,false
DX.PULMONARY_EMBOLISM,Pulmonary embolism,respiratory,PE|pulmonary thromboembolism|lung clot,attending,BB00,I26.9,false
DX.PULMONARY_HYPERTENSION,Pulmonary hypertension,respiratory,PH|PAH|pulmonary arterial hypertension,attending,,I27.2,false
DX.COPD,Chronic obstructive pulmonary disease,respiratory,COPD|chronic bronchitis|emphysema|COAD,attending,CA22,J44.9,false
DX.COPD_EXACERBATION,Acute exacerbation of COPD,respiratory,AECOPD|COPD flare|infective exacerbation of COPD,attending,,J44.1,false
DX.ASTHMA,Asthma,respiratory,bronchial asthma|reactive airway disease|wheezy chest,attending,CA23,J45.9,false
DX.ACUTE_SEVERE_ASTHMA,Acute severe asthma,respiratory,status asthmaticus|severe asthma attack|life threatening asthma,attending,,J46,false
DX.BRONCHIECTASIS,Bronchiectasis,respiratory,non-CF bronchiectasis|post TB bronchiectasis|dilated bronchi,attending,,J47,false
DX.ILD,Interstitial lung disease,respiratory,ILD|diffuse parenchymal lung disease|pulmonary fibrosis,attending,,J84.9,false
DX.IPF,Idiopathic pulmonary fibrosis,respiratory,IPF|cryptogenic fibrosing alveolitis|UIP,attending,,J84.1,false
DX.HYPERSENSITIVITY_PNEUMONITIS,Hypersensitivity pneumonitis,respiratory,HP|extrinsic allergic alveolitis|farmer's lung|bird fancier's lung,attending,,J67.9,false
DX.CTD_ILD,Connective tissue disease associated interstitial lung disease,respiratory,CTD-ILD|myositis ILD|rheumatoid lung,attending,,J99.1,false
DX.PNEUMOCONIOSIS,Pneumoconiosis,respiratory,silicosis|occupational lung disease|coal workers pneumoconiosis,attending,,J64,false
DX.ABPA,Allergic bronchopulmonary aspergillosis,respiratory,ABPA|aspergillus allergy|allergic aspergillosis,attending,,B44.8,false
DX.CHRONIC_PULMONARY_ASPERGILLOSIS,Chronic pulmonary aspergillosis,infection,CPA|aspergilloma|fungal ball,attending,,B44.1,false
DX.MALIGNANT_PLEURAL_EFFUSION,Malignant pleural effusion,respiratory,MPE|carcinomatous pleural effusion|pleural metastases,attending,,J91,false
DX.PARAPNEUMONIC_EFFUSION,Parapneumonic effusion,respiratory,PPE|pneumonia associated effusion|complicated parapneumonic effusion,attending,,J91,false
DX.TRANSUDATIVE_PLEURAL_EFFUSION,Transudative pleural effusion,respiratory,transudate|cardiac pleural effusion|hydrothorax,attending,,J90,false
DX.PNEUMOTHORAX,Pneumothorax,respiratory,collapsed lung|PTX|spontaneous pneumothorax,attending,,J93.9,false
DX.ARDS,Acute respiratory distress syndrome,respiratory,ARDS|adult respiratory distress syndrome|acute lung injury,attending,,J80,false
DX.OBSTRUCTIVE_SLEEP_APNOEA,Obstructive sleep apnoea,respiratory,OSA|obstructive sleep apnea|sleep disordered breathing,attending,,G47.3,false
DX.TYPE2_RESPIRATORY_FAILURE,Hypercapnic respiratory failure,respiratory,type 2 respiratory failure|T2RF|hypercarbic respiratory failure,attending,,J96.9,false
DX.DEPRESSION,Depressive episode,psychiatry,depression|major depressive disorder|MDD|low mood,attending,6A70,F32.9,false
DX.ANXIETY_DISORDER,Generalised anxiety disorder,psychiatry,GAD|anxiety|generalized anxiety disorder,attending,6B00,F41.1,false
DX.PANIC_DISORDER,Panic disorder,psychiatry,panic attacks|episodic paroxysmal anxiety|panic,attending,,F41.0,false
DX.SOMATIC_SYMPTOM_DISORDER,Somatic symptom disorder,psychiatry,somatisation disorder|bodily distress disorder|somatization|medically unexplained symptoms,attending,6C20,F45.1,false
DX.FUNCTIONAL_NEUROLOGICAL_DISORDER,Functional neurological disorder,psychiatry,FND|conversion disorder|dissociative neurological symptom disorder,attending,,F44.4,false
DX.PICA,Pica,psychiatry,geophagia|pagophagia|eating non-food substances,attending,,F50.8,false
DX.ANOREXIA_NERVOSA,Anorexia nervosa,psychiatry,AN|anorexia|restrictive eating disorder,attending,,F50.0,false
DX.DELIBERATE_SELF_POISONING,Intentional self-poisoning,psychiatry,DSP|deliberate self harm by poisoning|suicide attempt by poisoning,attending,,X69,false
DX.FACTITIOUS_DISORDER,Factitious disorder,psychiatry,Munchausen syndrome|factitious illness|fabricated illness,attending,,F68.1,false
DX.DRUG_INDUCED_AGRANULOCYTOSIS,Drug-induced agranulocytosis,drug-related,drug induced neutropenia|medication agranulocytosis|carbimazole agranulocytosis,attending,,D70,false
DX.DRUG_INDUCED_APLASTIC_ANAEMIA,Drug-induced aplastic anaemia,drug-related,drug induced marrow aplasia|drug induced aplastic anemia|toxic aplastic anaemia,attending,,D61.1,false
DX.CHEMOTHERAPY_MYELOSUPPRESSION,Chemotherapy-induced myelosuppression,drug-related,chemotherapy induced cytopenia|cytotoxic marrow suppression|post chemo pancytopenia,attending,,D61.1,false
DX.DRUG_INDUCED_MEGALOBLASTOSIS,Drug-induced megaloblastic anaemia,drug-related,methotrexate megaloblastosis|drug induced macrocytosis|antifolate anaemia,attending,,D52.1,false
DX.DRUG_INDUCED_LUPUS,Drug-induced lupus,drug-related,DIL|drug induced lupus erythematosus|hydralazine lupus,attending,,M32.0,false
DX.DRESS,Drug reaction with eosinophilia and systemic symptoms,drug-related,DRESS|DIHS|drug hypersensitivity syndrome,attending,,L27.0,false
DX.SJS_TEN,Stevens-Johnson syndrome or toxic epidermal necrolysis,drug-related,SJS|TEN|Lyell syndrome,attending,,L51.1,false
DX.DRUG_INDUCED_AKI,Drug-induced acute kidney injury,drug-related,nephrotoxic AKI|drug induced nephrotoxicity|NSAID nephropathy,attending,,N14.1,false
DX.DRUG_INDUCED_HYPONATRAEMIA,Drug-induced hyponatraemia,drug-related,drug induced SIADH|thiazide hyponatremia|medication hyponatraemia,attending,,E87.1,false
DX.STEROID_INDUCED_HYPERGLYCAEMIA,Steroid-induced hyperglycaemia,drug-related,steroid induced diabetes|glucocorticoid hyperglycemia|drug induced diabetes,attending,,R73.9,false
DX.IATROGENIC_CUSHING,Iatrogenic Cushing syndrome,drug-related,drug induced Cushing|exogenous steroid excess|steroid induced Cushingoid state,attending,,E24.2,false
DX.AMIODARONE_THYROID,Amiodarone-induced thyroid dysfunction,drug-related,AIT|amiodarone thyrotoxicosis|amiodarone hypothyroidism,attending,,E03.2,false
DX.SEROTONIN_SYNDROME,Serotonin syndrome,drug-related,serotonin toxicity|serotonergic syndrome|SS,attending,,G25.8,false
DX.NMS,Neuroleptic malignant syndrome,drug-related,NMS|neuroleptic malignant hyperthermia|antipsychotic induced hyperthermia,attending,,G21.0,false
DX.ANAPHYLAXIS,Anaphylaxis,drug-related,anaphylactic shock|severe allergic reaction|anaphylactic reaction,attending,,T78.2,false
DX.AYURVEDIC_METAL_TOXICITY,Heavy metal toxicity from traditional medicine,toxicology,bhasma toxicity|Ayurvedic lead poisoning|herbal remedy metal poisoning|traditional remedy toxicity,attending,,T56.9,false
